Wtorek,14,Lipiec,2026,18:09:04:00009-VCID:5FCD167BDD3D95711C-4B18,Wersja VCDS: AKP 21.9.0,Wersja danych: 20211210 DS330.0
074 906 018 AK,,2.5l R5 EDC 0000SG  3905,

,Grupa A:,'010,,,,Grupa B:,'003,,,,Grupa C:,'008
,,Ilość powietrza/Obr.,Ciśnienie rzecz.,Ciśnienie rzecz.,Obciążenie,,Obroty silnika,Ilość powietrza/Obr.,Ilość powietrza/Obr.,Cykl pracy,,Obroty silnika,Dawka paliwa,Dawka paliwa,Dawka paliwa
,CZAS,,,,,CZAS,,,,,CZAS,,,,
Znacznik,ZAPISU, mg/suw, mbar, mbar, %,ZAPISU, /min, mg/suw, mg/suw, %,ZAPISU, /min, mg/suw, mg/suw, mg/suw
,0.64,455.0,989.4,999.6,0.0,0.01,775,275.0,450.0,4.8,0.32,775,0.2,25.6,25.4
,1.60,445.0,989.4,999.6,0.0,0.96,775,275.0,455.0,4.8,1.28,775,0.2,25.6,25.2
,2.58,460.0,989.4,999.6,0.0,1.94,775,275.0,455.0,4.8,2.26,775,0.2,25.6,24.8
,3.54,450.0,989.4,999.6,0.0,2.90,775,280.0,455.0,4.8,3.22,775,0.2,25.6,25.2
,4.52,450.0,989.4,999.6,0.0,3.88,775,275.0,455.0,4.8,4.20,775,0.2,25.6,25.0
,5.48,455.0,989.4,999.6,0.0,4.84,775,275.0,465.0,4.8,5.16,775,0.2,25.6,25.0
,6.44,460.0,989.4,999.6,0.0,5.80,775,270.0,450.0,4.8,6.12,775,0.2,25.6,25.0
,7.40,465.0,989.4,999.6,5.5,6.76,775,270.0,455.0,4.8,7.08,898,0.2,25.2,25.2
,8.36,480.0,989.4,1009.8,5.9,7.72,979,325.0,475.0,49.4,8.04,979,3.6,24.8,24.8
,9.32,475.0,989.4,1009.8,5.9,8.68,959,340.0,480.0,94.4,9.00,979,3.6,24.8,24.4
,10.28,480.0,989.4,1009.8,3.5,9.64,959,340.0,485.0,94.4,9.96,959,3.2,25.0,24.8
,11.24,450.0,989.4,1009.8,0.0,10.60,836,315.0,470.0,94.4,10.92,857,0.2,25.4,25.4
,12.20,465.0,989.4,1009.8,0.0,11.56,816,270.0,455.0,94.4,11.88,796,0.2,25.6,25.2
,13.16,460.0,989.4,999.6,0.0,12.52,775,275.0,465.0,94.4,12.84,775,0.2,25.6,25.0
,14.12,455.0,989.4,999.6,0.0,13.48,775,275.0,455.0,94.4,13.80,755,0.2,25.6,25.0
,15.08,455.0,989.4,999.6,2.0,14.44,755,285.0,450.0,94.4,14.76,775,2.0,25.6,24.8
,16.04,470.0,989.4,999.6,6.7,15.40,857,305.0,455.0,94.4,15.72,898,4.2,25.2,24.4
,17.00,465.0,989.4,1009.8,36.9,16.36,1020,380.0,460.0,94.4,16.68,1183,18.8,24.2,23.8
,17.96,520.0,989.4,1081.2,32.2,17.32,1591,500.0,485.0,73.7,17.64,1816,17.4,37.0,27.4
,18.92,515.0,989.4,1091.4,12.9,18.28,1918,265.0,540.0,94.4,18.60,1387,0.2,28.2,28.6
,19.88,475.0,989.4,1050.6,24.3,19.24,1224,310.0,495.0,94.0,19.56,1142,8.8,24.4,25.4
,20.84,490.0,989.4,1040.4,51.8,20.20,1204,395.0,475.0,94.4,20.52,1244,13.6,24.0,25.6
,21.80,540.0,989.4,1132.2,31.8,21.16,1408,755.0,510.0,4.8,21.48,1550,27.2,32.4,28.6
,22.76,515.0,989.4,1091.4,0.0,22.12,1714,305.0,535.0,29.9,22.44,1632,0.2,34.4,29.2
,23.72,500.0,989.4,1050.6,0.0,23.08,1591,260.0,510.0,94.4,23.40,1530,0.2,31.6,28.0
,24.68,490.0,989.4,1030.2,0.0,24.04,1326,260.0,495.0,94.4,24.36,1224,0.2,24.0,25.8
,25.64,485.0,989.4,1020.0,0.0,25.00,1081,260.0,485.0,94.4,25.32,1040,0.2,24.6,25.2
,26.60,455.0,989.4,1009.8,0.0,25.96,938,260.0,480.0,94.4,26.28,857,0.2,25.2,25.4
,27.56,450.0,989.4,999.6,0.0,26.92,796,280.0,470.0,94.4,27.24,796,0.2,25.6,25.0
,28.52,460.0,989.4,999.6,0.0,27.88,775,270.0,465.0,94.4,28.20,775,0.2,25.6,24.2
,29.48,460.0,989.4,999.6,17.6,28.83,775,280.0,455.0,94.4,29.16,898,7.4,25.2,22.8
,30.44,470.0,989.4,1009.8,20.8,29.80,938,395.0,465.0,94.4,30.12,898,10.0,25.2,24.4
,31.40,485.0,989.4,1020.0,31.4,30.76,1244,430.0,455.0,94.4,31.08,1306,14.2,25.2,25.2
,32.36,505.0,989.4,1071.0,30.2,31.72,1612,420.0,490.0,94.4,32.04,1754,12.6,36.4,27.8
,33.32,530.0,989.4,1071.0,16.1,32.68,1714,265.0,535.0,94.4,33.00,1285,6.2,25.2,27.0
,34.28,495.0,989.4,1050.6,39.2,33.64,1061,425.0,495.0,94.4,33.96,1102,18.6,24.4,25.8
,35.24,515.0,989.4,1081.2,39.2,34.60,1265,555.0,495.0,4.8,34.92,1367,20.0,27.4,27.2
,36.20,570.0,989.4,1183.2,65.1,35.56,1550,605.0,525.0,4.8,35.88,1673,32.0,35.0,29.4
,37.15,630.0,989.4,1326.0,23.5,36.52,1958,595.0,605.0,4.8,36.84,2081,20.4,43.8,32.6
,38.12,520.0,989.4,1132.2,27.8,37.48,1754,265.0,590.0,90.4,37.80,1408,7.6,28.4,28.6
,39.08,555.0,989.4,1162.8,93.3,38.43,1387,850.0,530.0,4.8,38.76,1428,48.4,29.4,28.8
,40.04,595.0,989.4,1264.8,38.4,39.40,1550,850.0,575.0,4.8,39.72,1612,48.8,33.8,31.0
,40.99,500.0,989.4,1122.0,0.0,40.36,1612,260.0,565.0,54.6,40.67,1163,0.2,24.2,26.8
,41.95,455.0,989.4,1040.4,0.0,41.32,836,260.0,465.0,94.4,41.63,796,0.2,25.6,25.0
,42.91,455.0,989.4,1009.8,0.0,42.27,775,265.0,460.0,94.4,42.59,775,0.2,25.6,25.4
,43.88,450.0,989.4,1009.8,0.0,43.24,775,270.0,460.0,94.4,43.55,775,0.2,25.6,25.0
,44.83,410.0,989.4,999.6,7.5,44.19,775,270.0,455.0,94.4,44.51,775,0.2,25.6,24.6
,45.79,475.0,989.4,1009.8,23.1,45.15,959,390.0,455.0,94.4,45.47,959,11.6,25.0,24.6
,46.75,480.0,989.4,1020.0,36.1,46.11,918,450.0,465.0,94.4,46.44,938,16.2,25.0,24.4
,47.71,510.0,989.4,1071.0,36.5,47.08,1346,600.0,480.0,4.8,47.40,1591,20.2,33.0,26.8
,48.68,535.0,989.4,1122.0,5.1,48.04,2020,415.0,530.0,10.4,48.36,1795,0.2,37.6,29.6
,49.63,495.0,989.4,1060.8,21.2,49.00,1061,290.0,485.0,94.4,49.31,1040,10.0,24.6,26.4
,50.59,480.0,989.4,1040.4,25.1,49.95,1081,330.0,495.0,94.4,50.28,1122,10.0,24.4,25.8
,51.55,490.0,989.4,1040.4,22.4,50.91,1163,395.0,490.0,94.4,51.24,1204,12.0,24.2,25.4
,52.52,495.0,989.4,1040.4,20.8,51.88,1244,340.0,490.0,94.4,52.19,1265,9.2,24.4,25.4
,53.48,485.0,989.4,1040.4,18.0,52.84,1285,325.0,490.0,94.4,53.16,1306,7.8,25.6,26.4
,54.46,490.0,989.4,1040.4,14.5,53.82,1326,300.0,490.0,94.4,54.13,1326,8.0,26.2,26.0
,55.41,490.0,989.4,1030.2,13.7,54.77,1306,270.0,495.0,94.4,55.10,1285,5.8,25.0,25.8
,56.37,490.0,989.4,1030.2,14.1,55.73,1285,275.0,480.0,94.4,56.05,1265,6.0,24.6,25.4
,57.33,480.0,989.4,1030.2,21.2,56.69,1244,275.0,475.0,94.4,57.01,1244,6.6,24.0,25.4
,58.29,490.0,989.4,1040.4,25.1,57.65,1244,365.0,500.0,94.4,57.97,1306,10.8,25.2,26.0
,59.26,490.0,989.4,1050.6,25.1,58.61,1367,355.0,490.0,94.4,58.93,1387,10.2,28.2,27.0
,60.21,505.0,989.4,1060.8,23.1,59.57,1448,335.0,495.0,94.4,59.89,1469,8.6,30.2,27.6
,61.17,500.0,989.4,1060.8,20.8,60.53,1510,315.0,500.0,94.4,60.85,1510,7.6,31.4,28.0
,62.14,505.0,989.4,1060.8,22.4,61.49,1530,300.0,490.0,94.4,61.82,1550,7.6,32.4,28.0
,63.10,505.0,989.4,1071.0,24.3,62.45,1571,315.0,505.0,94.4,62.77,1591,8.2,33.2,27.8
,64.05,510.0,989.4,1071.0,26.3,63.41,1632,345.0,500.0,94.4,63.74,1652,9.2,34.6,28.4
,65.01,525.0,989.4,1091.4,27.1,64.37,1714,330.0,520.0,94.4,64.69,1734,9.2,36.0,27.8
,65.97,525.0,989.4,1101.6,27.1,65.33,1795,340.0,520.0,94.4,65.65,1795,8.8,37.0,28.8
,66.93,520.0,989.4,1111.8,26.7,66.29,1836,330.0,525.0,94.4,66.62,1856,8.8,38.8,28.6
,67.89,530.0,989.4,1122.0,26.3,67.25,1897,330.0,525.0,94.4,67.57,1897,8.6,40.6,28.8
,68.85,535.0,989.4,1122.0,25.9,68.21,1938,330.0,530.0,94.4,68.53,1958,8.6,42.0,28.8
,69.81,535.0,989.4,1132.2,27.1,69.18,1979,325.0,530.0,94.4,69.49,1979,8.4,43.2,28.8
,70.77,550.0,989.4,1142.4,0.0,70.13,1999,335.0,540.0,94.4,70.45,2040,7.2,43.6,29.2
,71.73,485.0,989.4,1060.8,13.3,71.09,1367,260.0,540.0,94.4,71.41,1020,4.2,24.8,25.8
,72.69,480.0,989.4,1040.4,14.5,72.05,1204,275.0,505.0,94.4,72.37,1204,6.8,24.0,25.6
,73.65,495.0,989.4,1030.2,13.3,73.01,1183,275.0,490.0,94.4,73.33,1163,6.0,24.2,25.6
,74.61,485.0,989.4,1020.0,13.3,73.97,1163,270.0,480.0,94.4,74.29,1163,6.0,24.2,25.0
,75.57,490.0,989.4,1030.2,26.7,74.93,1163,385.0,475.0,94.4,75.25,1142,12.8,24.2,25.4
,76.53,490.0,989.4,1040.4,24.7,75.90,1183,330.0,485.0,94.4,76.21,1183,11.0,24.2,25.6
,77.49,500.0,989.4,1050.6,28.6,76.85,1244,435.0,490.0,94.4,77.17,1224,13.4,24.0,26.0
,78.45,520.0,989.4,1091.4,59.2,77.81,1285,500.0,500.0,94.4,78.13,1326,26.2,26.2,26.6
,79.41,560.0,989.4,1162.8,100.0,78.77,1408,850.0,520.0,4.8,79.09,1448,47.4,29.8,29.2
,80.38,610.0,989.4,1264.8,100.0,79.73,1571,850.0,570.0,4.8,80.05,1632,48.8,34.2,30.8
,81.33,675.0,989.4,1417.8,100.0,80.69,1754,850.0,635.0,4.8,81.01,1836,48.8,37.8,33.2
,82.29,780.0,989.4,1621.8,100.0,81.65,1979,850.0,705.0,4.8,81.97,2060,48.8,43.6,39.0
,83.25,840.0,989.4,1805.4,100.0,82.61,2224,850.0,805.0,4.8,82.93,2305,48.8,45.2,41.6
,84.21,865.0,989.4,1907.4,100.0,83.57,2468,850.0,855.0,4.8,83.89,2570,49.4,46.8,42.0
,85.17,855.0,989.4,1989.0,100.0,84.53,2713,850.0,870.0,4.8,84.85,2795,49.8,46.8,41.8
,86.15,835.0,989.4,2029.8,51.8,85.49,2958,850.0,845.0,4.8,85.83,3019,49.8,46.8,41.4
,87.11,550.0,989.4,1275.0,0.0,86.47,2632,320.0,725.0,65.7,86.79,2081,0.2,43.8,32.0
,88.07,510.0,989.4,1122.0,0.0,87.43,2081,275.0,535.0,94.4,87.75,2060,0.2,43.8,28.0
,89.05,505.0,989.4,1091.4,0.0,88.39,2020,270.0,505.0,94.4,88.71,1999,0.2,43.4,27.4
,90.01,495.0,989.4,1071.0,0.0,89.37,1958,265.0,500.0,94.4,89.69,1958,0.2,42.2,27.2
,90.97,505.0,989.4,1071.0,0.0,90.33,1897,265.0,500.0,94.4,90.65,1856,0.2,38.8,27.4
,91.93,495.0,989.4,1060.8,0.0,91.29,1734,265.0,490.0,94.4,91.61,1652,0.2,34.8,28.0
,92.89,480.0,989.4,1050.6,0.0,92.25,1550,260.0,490.0,94.4,92.57,1489,0.2,31.0,27.2
,93.85,480.0,989.4,1040.4,0.0,93.21,1387,260.0,480.0,94.4,93.53,1346,0.2,27.0,26.2
,94.81,480.0,989.4,1030.2,0.0,94.17,1306,260.0,480.0,94.4,94.49,1285,0.2,25.0,25.6
,95.77,470.0,989.4,1020.0,17.3,95.13,1265,260.0,475.0,94.4,95.45,1265,5.8,24.2,24.8
,96.73,485.0,989.4,1030.2,18.0,96.09,1244,300.0,485.0,94.4,96.41,1244,8.2,24.0,25.0
,97.69,475.0,989.4,1040.4,21.2,97.05,1244,330.0,480.0,94.4,97.37,1244,9.4,24.0,25.4
,98.65,475.0,989.4,1040.4,12.9,98.01,1224,345.0,485.0,94.4,98.33,1244,10.6,24.0,25.2
,99.61,460.0,989.4,1020.0,13.7,98.97,1040,260.0,515.0,94.4,99.29,1183,6.4,24.2,23.8
,100.57,490.0,989.4,1040.4,20.4,99.93,1714,275.0,460.0,94.4,100.25,1734,5.4,36.0,27.2
,101.53,510.0,989.4,1071.0,38.0,100.89,1693,295.0,505.0,94.4,101.21,1693,7.4,35.6,27.8
,102.49,550.0,989.4,1183.2,39.2,101.85,1754,535.0,530.0,88.5,102.17,1795,21.0,36.8,29.4
,103.47,545.0,989.4,1193.4,24.3,102.81,1856,490.0,565.0,94.4,103.13,1856,7.6,38.8,30.4
,104.43,515.0,989.4,1122.0,0.0,103.79,1897,295.0,535.0,94.4,104.11,1836,0.4,38.2,29.2
,105.39,495.0,989.4,1071.0,8.2,104.75,1836,265.0,510.0,94.4,105.07,1816,0.2,37.0,28.0
,106.35,495.0,989.4,1060.8,0.0,105.71,1775,265.0,500.0,94.4,106.03,1714,0.2,36.0,27.6
,107.31,500.0,989.4,1050.6,1.2,106.67,1693,260.0,495.0,94.4,106.99,1673,0.2,35.0,27.6
,108.27,480.0,989.4,1050.6,10.6,107.63,1632,260.0,490.0,94.4,107.95,1591,2.6,33.4,27.8
,109.23,500.0,989.4,1060.8,29.8,108.59,1571,280.0,485.0,94.4,108.91,1591,7.4,33.0,27.2
,110.19,525.0,989.4,1122.0,38.0,109.55,1612,500.0,515.0,93.2,109.87,1612,18.6,34.0,28.6
,111.15,560.0,989.4,1193.4,39.2,110.51,1693,510.0,535.0,94.4,110.83,1734,20.4,36.0,29.8
,112.11,530.0,989.4,1152.6,14.5,111.47,1795,350.0,570.0,94.4,111.79,1795,5.8,37.0,29.6
,113.07,510.0,989.4,1101.6,20.0,112.43,1795,275.0,520.0,94.4,112.75,1775,5.0,36.8,28.2
,114.03,515.0,989.4,1101.6,26.7,113.39,1795,295.0,520.0,94.4,113.71,1754,8.0,36.4,28.2
,114.99,530.0,989.4,1122.0,34.1,114.35,1754,335.0,515.0,94.4,114.67,1775,10.6,36.6,28.4
,115.95,530.0,989.4,1142.4,29.0,115.31,1816,420.0,530.0,94.4,115.63,1816,10.6,37.0,29.2
,116.91,540.0,989.4,1142.4,29.0,116.27,1836,375.0,530.0,94.4,116.59,1856,11.0,38.4,29.0
,117.87,535.0,989.4,1142.4,27.5,117.23,1856,375.0,530.0,94.4,117.55,1877,11.0,39.4,29.0
,118.83,520.0,989.4,1132.2,23.9,118.19,1877,295.0,530.0,94.4,118.51,1877,7.0,39.4,28.8
,119.79,515.0,989.4,1111.8,18.0,119.15,1856,285.0,530.0,94.4,119.47,1856,5.8,38.6,28.4
,120.75,510.0,989.4,1091.4,16.9,120.11,1836,275.0,515.0,94.4,120.43,1816,5.4,37.8,28.4
,121.71,510.0,989.4,1091.4,18.8,121.07,1816,280.0,510.0,94.4,121.39,1795,5.6,37.0,28.2
,122.69,510.0,989.4,1091.4,20.0,122.03,1795,285.0,515.0,94.4,122.36,1795,6.2,36.8,28.2
,123.65,500.0,999.6,1081.2,17.6,123.01,1754,280.0,515.0,94.4,123.33,1734,5.6,36.2,27.8
,124.61,515.0,989.4,1081.2,21.6,123.97,1734,285.0,500.0,94.4,124.29,1754,6.6,36.2,28.0
,125.57,505.0,989.4,1081.2,22.0,124.93,1714,285.0,510.0,94.4,125.25,1714,6.8,35.8,27.8
,126.53,510.0,989.4,1081.2,22.7,125.89,1693,290.0,510.0,94.4,126.21,1693,7.0,35.6,28.2
,127.49,510.0,989.4,1091.4,25.9,126.85,1693,310.0,515.0,94.4,127.17,1693,8.0,35.4,28.2
,128.45,525.0,989.4,1122.0,31.8,127.81,1714,415.0,515.0,94.4,128.13,1714,13.6,35.8,28.8
,129.41,535.0,989.4,1142.4,27.1,128.77,1754,415.0,525.0,94.4,129.09,1775,13.2,36.6,29.2
,130.37,520.0,989.4,1122.0,22.7,129.73,1775,305.0,530.0,94.4,130.05,1795,6.8,36.8,28.8
,131.33,510.0,989.4,1101.6,18.8,130.69,1775,285.0,520.0,94.4,131.01,1775,6.2,36.6,28.4
,132.29,510.0,989.4,1091.4,17.3,131.65,1754,280.0,515.0,94.4,131.97,1754,5.6,36.2,28.0
,133.25,515.0,989.4,1091.4,28.6,132.61,1734,280.0,510.0,94.4,132.93,1754,8.6,36.2,28.0
,134.21,525.0,989.4,1111.8,28.6,133.57,1734,370.0,520.0,94.4,133.89,1754,10.6,36.4,28.4
,135.16,530.0,989.4,1132.2,28.6,134.53,1775,370.0,530.0,94.4,134.85,1775,10.6,36.6,28.8
,136.13,530.0,989.4,1132.2,28.6,135.48,1795,365.0,530.0,94.4,135.81,1795,10.4,36.8,28.8
,137.09,535.0,989.4,1132.2,28.6,136.45,1816,365.0,525.0,94.4,136.77,1816,10.4,37.2,29.0
,138.05,535.0,989.4,1142.4,28.6,137.41,1836,365.0,525.0,94.4,137.73,1836,10.6,38.4,29.0
,139.01,535.0,989.4,1142.4,29.0,138.37,1836,370.0,535.0,94.4,138.69,1856,10.8,38.8,29.2
,139.96,540.0,989.4,1152.6,30.2,139.33,1877,380.0,540.0,94.4,139.64,1877,11.8,39.6,29.2
,140.92,545.0,989.4,1173.0,30.6,140.29,1918,400.0,545.0,94.4,140.60,1918,12.8,41.0,29.6
,141.88,555.0,989.4,1183.2,30.6,141.24,1938,395.0,550.0,94.4,141.56,1958,12.4,42.2,29.8
,142.84,560.0,989.4,1193.4,30.2,142.20,1979,400.0,560.0,94.4,142.52,1999,12.6,43.4,30.2
,143.80,565.0,989.4,1193.4,30.2,143.16,2020,395.0,560.0,94.4,143.48,2020,12.2,43.4,30.0
,144.75,570.0,989.4,1203.6,30.2,144.12,2040,395.0,570.0,94.4,144.44,2060,12.2,43.6,30.2
,145.70,575.0,989.4,1213.8,28.6,145.06,2081,395.0,565.0,94.4,145.38,2081,12.2,43.8,30.2
,146.66,565.0,989.4,1203.6,28.2,146.02,2101,370.0,560.0,94.4,146.34,2101,10.6,44.0,30.0
,147.62,560.0,989.4,1193.4,27.1,146.98,2122,365.0,560.0,94.4,147.30,2101,9.4,44.0,29.8
,148.58,560.0,989.4,1193.4,17.3,147.94,2122,350.0,565.0,94.4,148.26,2122,9.4,44.0,30.0
,149.54,540.0,989.4,1152.6,17.6,148.91,2101,290.0,555.0,94.4,149.22,2101,6.0,43.8,29.2
,150.50,540.0,989.4,1142.4,17.6,149.86,2081,290.0,535.0,94.4,150.18,2060,6.0,43.8,29.0
,151.46,535.0,989.4,1142.4,23.1,150.82,2040,290.0,535.0,94.4,151.14,2060,7.0,43.6,28.6
,152.42,560.0,989.4,1183.2,34.9,151.78,2020,330.0,540.0,94.4,152.10,2060,14.4,43.6,29.6
,153.38,620.0,989.4,1315.8,40.0,152.74,2101,520.0,575.0,94.4,153.06,2142,21.0,44.0,32.2
,154.34,715.0,989.4,1468.8,63.5,153.71,2203,540.0,645.0,94.4,154.02,2264,27.6,44.8,36.0
,155.30,780.0,989.4,1683.0,42.7,154.66,2387,805.0,760.0,4.8,154.98,2468,33.2,46.6,40.8
,156.28,640.0,989.4,1468.8,0.0,155.64,2550,565.0,770.0,56.2,155.96,2550,7.2,46.8,40.0
,157.24,550.0,989.4,1193.4,0.0,156.60,2530,300.0,595.0,94.4,156.92,2489,0.2,46.8,29.6
,158.20,530.0,989.4,1142.4,0.0,157.56,2346,290.0,540.0,94.4,157.88,2264,0.2,45.0,28.6
,159.16,520.0,989.4,1101.6,0.0,158.52,2101,275.0,520.0,94.4,158.84,2040,0.2,43.6,28.0
,160.12,510.0,989.4,1081.2,0.0,159.48,1938,265.0,510.0,94.4,159.80,1877,0.2,39.4,28.0
,161.08,525.0,989.4,1101.6,43.1,160.44,1816,275.0,515.0,94.4,160.76,1836,9.2,37.8,28.2
,162.04,645.0,989.4,1336.2,100.0,161.40,1897,845.0,560.0,4.8,161.72,1938,46.2,41.4,31.6
,163.00,790.0,989.4,1642.2,100.0,162.36,2081,850.0,690.0,4.8,162.68,2142,48.8,44.2,39.4
,163.96,850.0,989.4,1846.2,100.0,163.32,2305,850.0,820.0,4.8,163.64,2407,49.0,46.0,41.6
,164.92,870.0,989.4,1958.4,100.0,164.28,2570,850.0,855.0,4.8,164.60,2652,49.6,46.8,41.8
,165.88,845.0,989.4,2029.8,100.0,165.24,2815,850.0,865.0,4.8,165.56,2897,49.8,46.8,41.6
,166.84,820.0,989.4,2060.4,94.9,166.20,3040,850.0,830.0,4.8,166.52,3121,49.8,46.8,41.0
,167.80,750.0,989.4,1509.6,60.8,167.16,3121,480.0,810.0,24.3,167.48,2326,6.2,45.6,37.8
,168.76,810.0,989.4,1785.0,100.0,168.12,2285,850.0,775.0,4.8,168.44,2305,48.8,45.2,40.8
,169.72,840.0,989.4,1876.8,100.0,169.08,2387,850.0,830.0,4.8,169.40,2428,49.0,46.2,41.8
,170.68,845.0,989.4,1927.8,100.0,170.04,2489,850.0,855.0,4.8,170.36,2530,49.2,46.8,42.0
,171.64,855.0,989.4,1968.6,100.0,171.00,2591,850.0,850.0,4.8,171.32,2632,49.4,46.8,41.8
,172.60,850.0,989.4,1999.2,100.0,171.96,2693,850.0,855.0,4.8,172.28,2734,49.6,46.8,41.8
,173.58,700.0,989.4,1815.6,0.0,172.92,2795,850.0,840.0,4.8,173.24,2815,49.8,46.8,41.6
,174.54,545.0,989.4,1254.6,0.0,173.90,2734,340.0,610.0,94.0,174.22,2672,0.2,46.8,29.6
,175.50,525.0,989.4,1173.0,0.0,174.86,2530,305.0,535.0,94.4,175.18,2468,0.2,46.6,27.8
,176.46,505.0,989.4,1142.4,0.0,175.82,2346,290.0,515.0,94.4,176.14,2285,0.2,45.2,27.8
,177.42,505.0,989.4,1122.0,0.0,176.78,2183,280.0,510.0,94.4,177.10,2162,0.2,44.2,27.4
,178.38,500.0,989.4,1101.6,0.0,177.74,2101,275.0,495.0,94.4,178.06,2081,0.2,43.8,27.2
,179.34,495.0,989.4,1101.6,0.0,178.70,2020,270.0,495.0,94.4,179.02,1999,0.2,43.4,26.8
,180.30,495.0,989.4,1081.2,0.0,179.66,1938,265.0,500.0,94.4,179.98,1918,0.2,41.0,27.0
,181.26,485.0,989.4,1081.2,0.0,180.62,1856,265.0,495.0,94.4,180.94,1795,0.2,37.0,27.4
,182.22,485.0,989.4,1071.0,0.0,181.58,1673,260.0,495.0,94.4,181.90,1612,0.2,33.6,27.4
,183.18,445.0,989.4,1050.6,0.0,182.54,1163,260.0,520.0,94.4,182.86,857,0.2,25.2,25.2
,184.14,480.0,989.4,1009.8,0.0,183.50,1142,260.0,445.0,94.4,183.82,1489,0.2,30.4,24.8
,185.10,460.0,989.4,1050.6,0.0,184.46,1530,260.0,490.0,94.4,184.78,1061,0.2,24.6,25.6
,186.06,445.0,989.4,1020.0,0.0,185.42,775,260.0,445.0,94.4,185.74,796,0.2,25.6,25.0
,187.02,440.0,989.4,1009.8,0.0,186.38,775,270.0,450.0,94.4,186.70,775,0.2,25.6,24.8
,187.98,440.0,989.4,1009.8,0.0,187.34,775,275.0,440.0,94.4,187.66,775,0.2,25.6,24.0
,188.94,445.0,989.4,1009.8,0.0,188.30,775,275.0,430.0,94.4,188.62,775,0.2,25.6,24.8
,189.90,440.0,989.4,1009.8,0.0,189.26,775,275.0,445.0,94.4,189.58,775,0.2,25.6,24.6
,190.86,465.0,989.4,999.6,10.6,190.22,775,275.0,435.0,94.4,190.54,796,0.2,25.6,24.2
,191.82,445.0,989.4,1009.8,25.1,191.18,898,340.0,450.0,94.4,191.50,1000,10.0,24.8,24.0
,192.78,480.0,989.4,1040.4,39.6,192.14,1224,425.0,460.0,94.4,192.46,1408,18.4,28.4,25.4
,193.74,565.0,989.4,1213.8,28.6,193.10,1918,520.0,495.0,69.3,193.42,2162,18.6,44.2,28.4
,194.70,530.0,989.4,1173.0,19.6,194.06,2285,285.0,565.0,94.4,194.38,1693,1.8,35.6,30.4
,195.66,530.0,989.4,1173.0,58.0,195.02,1510,560.0,505.0,90.8,195.34,1510,27.8,31.2,28.4
,196.62,630.0,989.4,1356.6,56.5,195.98,1775,845.0,565.0,4.8,196.30,1918,30.0,40.8,31.2
,197.58,710.0,989.4,1540.2,44.3,196.94,2203,635.0,665.0,4.8,197.26,2346,25.8,45.6,37.2
,198.54,575.0,989.4,1326.0,20.8,197.90,2509,465.0,720.0,48.2,198.22,2142,0.2,44.2,33.8
,199.50,515.0,989.4,1142.4,29.8,198.86,1591,300.0,550.0,94.4,199.18,1612,7.6,33.8,28.8
,200.46,590.0,989.4,1244.4,76.5,199.82,1673,580.0,530.0,89.6,200.14,1714,33.0,35.6,29.8
,201.42,675.0,989.4,1448.4,100.0,200.78,1836,850.0,610.0,4.8,201.10,1897,48.8,40.2,33.4
,202.38,785.0,989.4,1693.2,66.7,201.74,2040,850.0,710.0,4.8,202.06,2122,48.8,44.0,39.2
,203.34,840.0,989.4,1846.2,72.2,202.70,2305,850.0,805.0,4.8,203.02,2387,39.0,45.8,41.4
,204.29,825.0,989.4,1917.6,59.6,203.65,2530,850.0,845.0,4.8,203.98,2632,39.0,46.8,41.6
,205.25,760.0,989.4,1744.2,24.3,204.62,2754,675.0,815.0,4.8,204.94,2795,23.4,46.8,40.8
,206.24,615.0,989.4,1397.4,15.3,205.58,2815,370.0,685.0,94.4,205.90,2795,6.2,46.8,33.8
,207.20,555.0,989.4,1234.2,0.0,206.56,2754,345.0,595.0,94.4,206.88,2734,0.2,46.8,29.2
,208.16,535.0,989.4,1183.2,0.0,207.52,2652,320.0,540.0,94.4,207.84,2632,0.2,46.8,27.8
,209.12,525.0,989.4,1162.8,2.7,208.47,2570,305.0,530.0,94.4,208.80,2530,0.2,46.8,27.6
,210.07,520.0,989.4,1142.4,7.1,209.43,2468,295.0,535.0,94.4,209.76,2428,1.2,46.4,28.0
,211.04,525.0,989.4,1152.6,9.0,210.39,2366,290.0,525.0,94.4,210.72,2346,3.4,45.6,27.8
,212.00,525.0,989.4,1152.6,10.2,211.35,2305,285.0,520.0,94.4,211.68,2285,4.2,45.0,28.0
,212.95,525.0,989.4,1152.6,10.2,212.31,2244,285.0,525.0,94.4,212.63,2224,4.2,44.6,27.8
,213.91,520.0,989.4,1142.4,10.2,213.27,2183,280.0,520.0,94.4,213.59,2162,4.2,44.2,28.2
,214.87,525.0,989.4,1132.2,10.2,214.23,2122,280.0,520.0,94.4,214.55,2101,4.0,44.0,28.0
,215.84,520.0,989.4,1122.0,0.0,215.20,2060,275.0,515.0,94.4,215.52,2040,4.0,43.6,27.8
,216.80,500.0,989.4,1101.6,0.0,216.15,1999,270.0,510.0,94.4,216.48,1979,0.2,43.0,27.6
,217.76,500.0,989.4,1091.4,0.0,217.12,1938,265.0,500.0,94.4,217.43,1897,0.2,40.6,27.4
,218.72,500.0,989.4,1081.2,2.4,218.08,1877,265.0,490.0,94.4,218.40,1836,0.2,38.2,27.2
,219.68,490.0,989.4,1071.0,5.9,219.04,1795,265.0,505.0,94.4,219.36,1775,1.8,36.8,27.6
,220.64,495.0,989.4,1081.2,30.2,219.99,1754,265.0,500.0,94.4,220.31,1734,5.6,36.0,27.6
,221.60,530.0,989.4,1142.4,33.3,220.96,1734,410.0,520.0,94.4,221.28,1754,13.4,36.2,28.6
,222.56,580.0,989.4,1224.0,42.0,221.92,1795,490.0,535.0,94.0,222.24,1816,20.8,37.2,29.8
,223.52,605.0,989.4,1326.0,42.0,222.88,1897,560.0,590.0,94.4,223.20,1938,23.2,41.4,31.6
,224.47,600.0,989.4,1336.2,0.0,223.83,2020,535.0,620.0,94.4,224.15,2060,17.0,43.6,33.2
,225.45,520.0,989.4,1152.6,0.0,224.81,2060,270.0,540.0,94.4,225.13,2020,0.2,43.4,28.8
,226.42,510.0,989.4,1101.6,5.9,225.77,1979,265.0,510.0,94.4,226.10,1958,0.2,42.4,27.6
,227.37,515.0,999.6,1101.6,27.1,226.73,1918,265.0,505.0,94.4,227.05,1897,5.2,40.4,27.8
,228.33,550.0,989.4,1173.0,31.8,227.69,1918,420.0,530.0,94.4,228.01,1938,13.8,41.4,29.0
,229.31,550.0,989.4,1203.6,26.7,228.65,1979,415.0,555.0,94.4,228.97,1979,11.8,43.0,30.2
,230.27,530.0,989.4,1173.0,18.0,229.63,1999,290.0,550.0,94.4,229.95,1999,5.8,43.4,29.2
,231.24,530.0,989.4,1142.4,10.6,230.59,1979,285.0,535.0,94.4,230.91,1979,5.8,43.0,28.4
,232.20,510.0,989.4,1101.6,4.3,231.55,1938,265.0,515.0,94.4,231.87,1938,0.2,41.8,28.0
,233.16,510.0,989.4,1101.6,20.0,232.52,1897,275.0,510.0,94.4,232.83,1877,5.4,39.4,28.2
,234.11,515.0,989.4,1101.6,0.0,233.47,1856,285.0,510.0,94.4,233.80,1816,1.6,37.4,28.8
,235.07,500.0,989.4,1081.2,0.0,234.43,1775,265.0,510.0,94.4,234.75,1734,0.2,36.0,27.8
,236.03,485.0,989.4,1060.8,0.0,235.39,1652,260.0,500.0,94.4,235.71,1612,0.2,33.6,28.0
,236.99,490.0,989.4,1050.6,0.0,236.35,1489,260.0,490.0,94.4,236.67,1428,0.2,29.2,27.0
,237.95,465.0,989.4,1050.6,0.0,237.31,1306,260.0,490.0,94.4,237.63,1040,0.2,24.6,26.2
,238.91,455.0,989.4,1020.0,0.0,238.27,796,270.0,465.0,94.4,238.59,775,0.2,25.6,25.0
,239.87,440.0,989.4,1009.8,0.0,239.23,775,270.0,450.0,94.4,239.55,857,0.2,25.4,23.4
,240.83,475.0,989.4,1009.8,0.0,240.19,1040,260.0,440.0,94.4,240.51,1244,0.2,24.2,24.2
,241.79,470.0,989.4,1020.0,6.7,241.15,1142,260.0,465.0,94.4,241.47,1102,1.6,24.4,24.6
,242.75,465.0,989.4,1009.8,24.3,242.11,1040,265.0,470.0,94.4,242.43,1020,8.6,24.8,24.6
,243.71,475.0,989.4,1030.2,37.3,243.07,1061,410.0,465.0,94.4,243.39,1122,16.8,24.4,25.0
,244.67,510.0,989.4,1071.0,0.0,244.03,1285,570.0,485.0,4.8,244.35,1346,10.0,26.4,26.6
,245.63,465.0,989.4,1040.4,0.0,244.99,857,260.0,485.0,74.1,245.31,775,0.2,25.6,26.0
,246.59,440.0,989.4,1020.0,9.8,245.95,775,275.0,450.0,94.4,246.27,755,0.2,25.6,24.4
,247.55,460.0,989.4,1020.0,44.3,246.91,836,455.0,445.0,91.6,247.23,898,15.6,25.2,24.4
,248.51,480.0,989.4,1050.6,52.5,247.87,1081,830.0,465.0,4.8,248.19,1183,28.0,24.2,25.2
,249.47,545.0,999.6,1162.8,52.5,248.83,1408,785.0,500.0,4.8,249.15,1550,27.8,32.0,28.4
,250.43,615.0,989.4,1326.0,50.2,249.79,1816,690.0,565.0,4.8,250.11,1938,26.8,41.4,31.4
,251.39,715.0,989.4,1509.6,48.6,250.75,2203,585.0,650.0,12.0,251.07,2326,25.8,45.4,36.6
,252.35,770.0,989.4,1672.8,43.9,251.71,2591,610.0,735.0,50.2,252.03,2713,25.6,46.8,40.2
,253.31,765.0,989.4,1693.2,31.4,252.67,2917,600.0,770.0,94.4,252.99,3019,22.8,46.8,39.8
,254.27,550.0,989.4,1275.0,18.0,253.63,2611,310.0,695.0,94.4,253.95,1897,2.6,40.2,33.0
,255.23,525.0,989.4,1152.6,0.0,254.59,1918,285.0,545.0,94.4,254.91,1897,5.6,40.2,29.2
,256.19,505.0,989.4,1091.4,0.0,255.55,1856,265.0,520.0,94.4,255.87,1836,0.2,38.2,28.0
,257.15,500.0,989.4,1071.0,0.0,256.51,1775,265.0,505.0,94.4,256.83,1734,0.2,36.0,27.8
,258.11,485.0,989.4,1060.8,0.0,257.47,1612,260.0,500.0,94.4,257.79,1550,0.2,32.0,27.6
,259.07,480.0,989.4,1050.6,0.0,258.43,1408,260.0,495.0,94.4,258.75,1367,0.2,27.4,26.0
,260.03,470.0,989.4,1040.4,0.0,259.39,1244,260.0,480.0,94.4,259.71,1204,0.2,24.0,25.0
,260.99,480.0,999.6,1030.2,11.0,260.35,1163,260.0,480.0,94.4,260.67,1142,3.2,24.4,24.6
,261.95,475.0,989.4,1030.2,25.5,261.31,1102,285.0,470.0,94.4,261.63,1122,9.6,24.4,24.8
,262.91,485.0,989.4,1040.4,28.2,262.27,1122,410.0,490.0,94.4,262.59,1163,13.4,24.2,25.0
,263.87,470.0,989.4,1040.4,3.5,263.23,1183,350.0,485.0,94.4,263.55,1183,4.2,24.2,25.4
,264.83,480.0,989.4,1030.2,0.0,264.20,1163,260.0,475.0,94.4,264.51,1142,0.2,24.2,25.0
,265.79,470.0,989.4,1020.0,0.0,265.15,1102,260.0,480.0,94.4,265.47,1102,0.2,24.4,24.8
,266.75,465.0,989.4,1020.0,0.0,266.11,1061,260.0,465.0,94.4,266.43,1040,0.2,24.6,25.0
,267.71,450.0,989.4,1009.8,14.9,267.07,1000,260.0,475.0,94.4,267.39,979,0.4,24.8,24.2
,268.67,480.0,989.4,1020.0,33.3,268.03,1000,425.0,470.0,94.4,268.35,1000,14.8,24.8,24.4
,269.63,485.0,989.4,1050.6,36.5,268.99,1061,560.0,475.0,4.8,269.31,1081,19.6,24.6,25.4
,270.59,485.0,989.4,1071.0,35.3,269.96,1163,570.0,495.0,4.8,270.27,1183,19.8,24.2,25.8
,271.55,500.0,989.4,1081.2,30.6,270.91,1265,495.0,500.0,11.6,271.23,1285,15.4,24.8,26.4
,272.51,500.0,989.4,1081.2,22.4,271.87,1346,405.0,495.0,32.7,272.19,1346,11.0,26.8,26.8
,273.47,505.0,989.4,1081.2,34.9,272.83,1387,330.0,495.0,91.6,273.15,1387,9.8,27.8,26.8
,274.43,520.0,989.4,1132.2,45.9,273.79,1428,520.0,510.0,91.2,274.11,1469,21.6,30.4,28.2
,275.39,570.0,989.4,1213.8,47.5,274.75,1550,600.0,540.0,4.8,275.07,1612,24.6,33.4,29.8
,276.35,595.0,989.4,1285.2,34.5,275.71,1714,585.0,580.0,4.8,276.03,1754,23.2,36.4,31.2
,277.31,595.0,989.4,1285.2,39.6,276.67,1836,485.0,595.0,29.5,276.99,1856,19.2,38.8,31.2
,278.27,625.0,989.4,1336.2,40.0,277.63,1938,530.0,605.0,58.6,277.95,1979,21.2,42.8,32.0
,279.23,600.0,989.4,1315.8,28.2,278.59,2040,450.0,630.0,93.2,278.91,2060,14.2,43.8,32.2
,280.19,560.0,989.4,1224.0,21.2,279.55,2081,305.0,580.0,94.4,279.87,2081,7.0,43.8,30.4
,281.15,545.0,989.4,1183.2,20.8,280.51,2081,295.0,555.0,94.4,280.83,2060,6.8,43.6,29.6
,282.11,540.0,989.4,1173.0,18.0,281.47,2060,295.0,545.0,94.4,281.79,2040,6.8,43.6,29.4
,283.07,515.0,989.4,1142.4,18.4,282.43,1999,280.0,535.0,94.4,282.75,1979,5.0,43.2,28.6
,284.05,530.0,989.4,1132.2,17.3,283.39,1958,285.0,525.0,94.4,283.71,1979,6.0,43.4,28.2
,285.01,510.0,989.4,1101.6,0.0,284.37,1938,265.0,525.0,94.4,284.69,1938,0.2,41.4,28.2
,285.97,505.0,989.4,1081.2,0.0,285.33,1877,265.0,505.0,94.4,285.65,1836,0.2,38.0,28.0
,286.93,505.0,989.4,1081.2,1.6,286.29,1795,265.0,505.0,94.4,286.61,1795,0.2,36.8,27.6
,287.89,505.0,989.4,1071.0,9.0,287.25,1734,265.0,505.0,94.4,287.57,1714,4.2,36.0,27.8
,288.85,500.0,989.4,1071.0,12.5,288.21,1673,260.0,505.0,94.4,288.53,1673,4.6,35.0,27.6
,289.81,505.0,989.4,1071.0,22.7,289.17,1652,270.0,500.0,94.4,289.49,1632,5.2,34.0,28.0
,290.77,520.0,989.4,1111.8,31.0,290.13,1652,395.0,510.0,94.4,290.45,1612,13.2,33.8,28.2
,291.73,540.0,989.4,1142.4,30.2,291.09,1673,410.0,530.0,94.4,291.41,1673,12.8,35.2,28.8
,292.69,530.0,989.4,1132.2,22.4,292.05,1714,385.0,535.0,94.4,292.37,1693,7.2,35.6,29.2
,293.65,520.0,989.4,1111.8,23.9,293.01,1693,295.0,525.0,94.4,293.33,1693,7.2,35.6,28.6
,294.61,520.0,989.4,1101.6,22.4,293.97,1693,300.0,525.0,94.4,294.29,1714,7.0,35.6,28.6
,295.57,520.0,989.4,1101.6,20.8,294.93,1693,295.0,515.0,94.4,295.25,1693,7.2,35.4,28.4
,296.53,515.0,989.4,1091.4,22.4,295.89,1693,295.0,510.0,94.4,296.21,1673,7.2,35.0,28.0
,297.49,530.0,989.4,1101.6,32.9,296.85,1652,295.0,530.0,94.4,297.17,1673,9.4,35.2,28.0
,298.45,535.0,989.4,1142.4,31.8,297.81,1693,430.0,530.0,94.4,298.13,1734,13.6,36.0,29.0
,299.41,545.0,989.4,1162.8,25.5,298.77,1775,410.0,545.0,94.4,299.09,1795,12.8,36.6,29.2
,300.37,535.0,989.4,1142.4,26.7,299.73,1795,310.0,540.0,94.4,300.05,1795,8.0,36.8,29.0
,301.33,535.0,989.4,1132.2,25.9,300.69,1816,330.0,530.0,94.4,301.01,1816,8.2,37.0,28.8
,302.29,540.0,989.4,1132.2,16.9,301.65,1816,305.0,530.0,94.4,301.97,1836,7.4,37.8,28.6
,303.25,520.0,989.4,1091.4,0.0,302.60,1775,265.0,515.0,94.4,302.92,1795,0.2,37.0,28.4
,304.21,500.0,989.4,1071.0,0.0,303.57,1673,260.0,525.0,94.4,303.89,1591,0.2,33.0,28.0
,305.17,490.0,989.4,1050.6,0.0,304.53,1448,260.0,490.0,94.4,304.85,1408,0.2,28.6,27.2
,306.13,495.0,989.4,1040.4,0.0,305.48,1346,260.0,500.0,94.4,305.81,1285,0.2,25.2,25.8
,307.08,475.0,989.4,1030.2,0.0,306.45,1183,260.0,495.0,94.4,306.77,1142,0.2,24.2,25.4
,308.05,490.0,989.4,1020.0,0.0,307.41,1081,260.0,475.0,94.4,307.72,1061,0.2,24.6,25.2
,309.00,450.0,989.4,1020.0,0.0,308.36,836,275.0,460.0,94.4,308.69,816,0.2,25.4,24.6
,309.96,460.0,989.4,1009.8,0.0,309.32,775,270.0,450.0,94.4,309.65,938,1.6,25.0,23.2
,310.92,465.0,989.4,1009.8,0.0,310.28,938,260.0,470.0,94.4,310.60,938,0.2,25.0,24.4
,311.88,465.0,989.4,1009.8,8.2,311.25,898,260.0,455.0,94.4,311.56,918,4.8,25.0,25.0
,312.84,465.0,989.4,1009.8,27.8,312.20,979,315.0,460.0,94.4,312.52,918,10.6,25.2,24.8
,313.80,475.0,989.4,1020.0,10.6,313.16,959,455.0,475.0,93.2,313.48,959,13.4,25.0,25.0
,314.76,460.0,989.4,1020.0,11.4,314.12,857,260.0,460.0,94.4,314.44,796,0.8,25.6,25.2
,315.72,485.0,989.4,1020.0,13.3,315.08,1224,270.0,440.0,94.4,315.41,1448,5.2,29.8,26.6
,316.68,500.0,989.4,1050.6,25.9,316.04,1448,290.0,480.0,94.4,316.36,1489,8.6,30.6,27.2
,317.65,515.0,989.4,1091.4,30.6,317.01,1530,420.0,490.0,94.4,317.32,1571,13.0,32.6,28.0
,318.60,535.0,999.6,1132.2,40.4,317.97,1673,400.0,520.0,94.4,318.28,1734,12.6,35.8,28.6
,319.56,605.0,989.4,1264.8,40.0,318.92,1877,530.0,560.0,94.4,319.24,1979,21.0,43.0,30.8
,320.52,650.0,989.4,1397.4,35.7,319.88,2183,520.0,630.0,94.4,320.21,2285,20.6,45.0,34.4
,321.48,555.0,989.4,1244.4,18.8,320.84,2366,360.0,660.0,94.4,321.16,1918,0.2,41.0,32.8
,322.44,570.0,989.4,1173.0,62.4,321.80,1530,305.0,535.0,94.4,322.12,1550,20.0,32.0,29.4
,323.42,640.0,989.4,1326.0,69.4,322.79,1632,850.0,580.0,4.8,323.11,1714,38.0,35.6,31.6
,324.39,695.0,989.4,1499.4,55.7,323.74,1836,850.0,665.0,4.8,324.06,1897,34.4,40.4,34.8
,325.35,610.0,989.4,1346.4,0.0,324.71,2020,530.0,700.0,12.8,325.02,2020,7.2,43.4,35.0
,326.30,530.0,989.4,1152.6,0.0,325.66,2020,270.0,555.0,94.4,325.98,1999,0.2,43.4,29.2
,327.27,515.0,989.4,1101.6,0.0,326.62,1938,265.0,520.0,94.4,326.95,1897,0.2,40.4,28.0
,328.22,520.0,989.4,1081.2,0.0,327.58,1836,265.0,515.0,94.4,327.90,1795,0.2,37.0,27.8
,329.18,460.0,989.4,1060.8,0.0,328.54,1183,260.0,525.0,94.4,328.86,857,0.2,25.4,25.6
,330.14,470.0,989.4,1030.2,0.0,329.50,796,270.0,455.0,94.4,329.82,775,0.2,25.6,25.0
,331.12,450.0,989.4,1020.0,0.0,330.46,775,270.0,460.0,94.4,330.80,775,0.2,25.6,25.0
,332.08,450.0,989.4,1009.8,0.0,331.44,775,270.0,455.0,94.4,331.76,775,0.2,25.6,24.4
,333.04,445.0,989.4,1009.8,0.0,332.40,775,275.0,455.0,94.4,332.72,775,0.2,25.6,24.8
,334.00,445.0,989.4,1009.8,0.0,333.36,775,275.0,455.0,94.4,333.68,775,0.2,25.6,24.8
,334.96,450.0,989.4,1009.8,0.0,334.32,775,275.0,450.0,94.4,334.64,775,0.2,25.6,25.2
,335.92,440.0,989.4,999.6,0.0,335.28,775,275.0,445.0,94.4,335.60,775,0.2,25.6,24.8
,336.88,455.0,989.4,999.6,0.0,336.24,775,275.0,445.0,94.4,336.56,755,0.2,25.6,24.8
,337.84,455.0,989.4,999.6,0.0,337.20,775,275.0,455.0,94.4,337.52,755,0.2,25.6,24.8
,338.80,445.0,989.4,999.6,0.0,338.16,755,275.0,450.0,94.4,338.48,775,0.2,25.6,25.0
,339.76,455.0,989.4,1009.8,0.0,339.12,775,275.0,435.0,94.4,339.44,775,0.2,25.6,24.6
,340.72,450.0,989.4,999.6,0.0,340.08,775,275.0,445.0,94.4,340.40,775,0.2,25.6,24.4
,341.68,450.0,989.4,999.6,0.0,341.04,775,270.0,450.0,94.4,341.36,775,0.2,25.6,25.0
,342.64,445.0,989.4,1009.8,0.0,342.00,775,275.0,455.0,94.4,342.32,775,0.2,25.6,24.8
,343.60,455.0,989.4,999.6,0.0,342.96,775,275.0,445.0,94.4,343.28,775,0.2,25.6,24.8
,344.56,445.0,989.4,999.6,0.0,343.92,775,275.0,435.0,94.4,344.24,775,0.2,25.6,24.4
,345.52,460.0,989.4,999.6,0.0,344.88,775,275.0,445.0,94.4,345.20,775,0.2,25.6,24.6
,346.48,455.0,989.4,1009.8,0.0,345.84,775,275.0,450.0,94.4,346.16,775,0.2,25.6,24.8
,347.44,445.0,989.4,1009.8,0.0,346.80,775,275.0,450.0,94.4,347.12,775,0.2,25.6,24.8
,348.40,450.0,989.4,999.6,0.0,347.76,775,275.0,450.0,94.4,348.08,775,0.2,25.6,24.8
,349.36,455.0,989.4,1009.8,0.0,348.72,775,275.0,450.0,94.4,349.04,775,0.2,25.6,24.8
,350.32,445.0,989.4,1009.8,0.0,349.68,775,275.0,455.0,94.4,350.00,775,0.2,25.6,24.8
,351.28,445.0,989.4,999.6,0.0,350.64,775,275.0,445.0,94.4,350.96,775,0.2,25.6,24.6
,352.24,445.0,989.4,999.6,0.0,351.60,775,275.0,455.0,94.4,351.92,775,0.2,25.6,25.0
,353.20,445.0,989.4,999.6,0.0,352.56,775,270.0,455.0,94.4,352.88,775,0.2,25.6,24.6
,354.16,445.0,989.4,1009.8,0.0,353.52,775,275.0,445.0,94.4,353.84,775,0.2,25.6,25.0
,355.12,450.0,989.4,999.6,0.0,354.48,775,275.0,450.0,94.4,354.80,775,0.2,25.6,24.8
,356.08,440.0,989.4,999.6,0.0,355.44,775,275.0,450.0,94.4,355.76,775,0.2,25.6,24.8
,357.04,450.0,989.4,999.6,0.0,356.40,775,275.0,450.0,94.4,356.72,775,0.2,25.6,24.6
,358.02,450.0,989.4,999.6,0.0,357.36,775,270.0,455.0,94.4,357.68,775,0.2,25.6,25.0
,358.98,435.0,989.4,1009.8,0.0,358.34,775,275.0,455.0,94.4,358.66,775,0.2,25.6,24.2
,359.94,450.0,989.4,999.6,0.0,359.30,775,275.0,455.0,94.4,359.62,775,0.2,25.6,24.6
,360.90,450.0,989.4,999.6,0.0,360.25,775,275.0,450.0,94.4,360.58,775,0.2,25.6,24.6
,361.85,460.0,989.4,999.6,0.0,361.22,775,275.0,455.0,94.4,361.54,775,0.2,25.6,25.0
,362.82,450.0,989.4,999.6,0.0,362.18,775,275.0,450.0,94.4,362.50,775,0.2,25.6,25.0
,363.78,440.0,989.4,1009.8,0.0,363.14,775,275.0,445.0,94.4,363.46,775,0.2,25.6,24.6
,364.74,455.0,989.4,999.6,0.0,364.10,775,275.0,450.0,94.4,364.42,775,0.2,25.6,24.6
,365.70,445.0,989.4,999.6,0.0,365.06,775,275.0,455.0,94.4,365.38,775,0.2,25.6,24.6
,366.66,440.0,989.4,1009.8,0.0,366.02,775,275.0,440.0,94.4,366.34,775,0.2,25.6,24.8
,367.62,440.0,989.4,999.6,0.0,366.98,775,275.0,445.0,94.4,367.30,775,0.2,25.6,24.6
,368.58,455.0,989.4,999.6,0.0,367.94,775,275.0,450.0,94.4,368.25,775,0.2,25.6,24.0
,369.53,455.0,989.4,999.6,0.0,368.90,775,270.0,450.0,94.4,369.21,775,0.2,25.6,25.2
,370.50,445.0,989.4,999.6,0.0,369.85,775,275.0,445.0,94.4,370.18,775,0.2,25.6,25.0
,371.45,450.0,989.4,999.6,0.0,370.82,775,275.0,445.0,94.4,371.14,775,0.2,25.6,24.4
,372.42,450.0,989.4,999.6,0.0,371.78,775,275.0,445.0,94.4,372.10,775,0.2,25.6,24.8
,373.37,445.0,989.4,1009.8,0.0,372.73,755,280.0,450.0,94.4,373.06,775,0.2,25.6,24.6
,374.34,450.0,989.4,999.6,0.0,373.69,755,290.0,445.0,94.4,374.02,755,0.2,25.6,25.0
,375.30,460.0,989.4,999.6,0.0,374.66,775,285.0,450.0,94.4,374.98,755,0.2,25.6,24.8
,376.26,460.0,989.4,999.6,0.0,375.61,755,290.0,435.0,94.4,375.93,775,0.2,25.6,24.8
,377.21,445.0,989.4,1009.8,0.0,376.57,775,290.0,450.0,94.4,376.89,775,0.2,25.6,24.8
,378.17,455.0,989.4,1009.8,0.0,377.53,775,275.0,465.0,94.4,377.85,775,0.2,25.6,25.2
,379.14,450.0,989.4,999.6,0.0,378.49,775,270.0,445.0,94.4,378.81,775,0.2,25.6,24.6
,380.09,440.0,989.4,999.6,0.0,379.46,775,275.0,445.0,94.4,379.77,775,0.2,25.6,24.8
,381.05,450.0,989.4,1009.8,0.0,380.41,775,275.0,460.0,94.4,380.73,775,0.2,25.6,24.8
,382.03,450.0,989.4,1009.8,0.0,381.37,775,275.0,450.0,94.4,381.70,775,0.2,25.6,25.0
,382.99,450.0,989.4,999.6,0.0,382.35,775,275.0,445.0,94.4,382.67,775,0.2,25.6,24.8
,383.96,440.0,989.4,1009.8,0.0,383.31,775,275.0,445.0,94.4,383.63,775,0.2,25.6,25.0
,384.91,455.0,989.4,999.6,0.0,384.27,775,275.0,460.0,94.4,384.59,775,0.2,25.6,24.6
,385.87,455.0,989.4,1009.8,0.0,385.23,775,275.0,445.0,94.4,385.55,775,0.2,25.6,25.0
,386.84,450.0,989.4,1009.8,0.0,386.19,775,275.0,445.0,94.4,386.51,775,0.2,25.6,24.6
,387.79,450.0,989.4,999.6,0.0,387.15,775,275.0,440.0,94.4,387.47,775,0.2,25.6,24.6
,388.75,445.0,989.4,1009.8,0.0,388.11,775,275.0,445.0,94.4,388.43,775,0.2,25.6,24.8
,389.71,450.0,989.4,999.6,0.0,389.07,775,275.0,455.0,94.4,389.39,775,0.2,25.6,25.2
,390.67,440.0,989.4,999.6,0.0,390.03,775,275.0,450.0,94.4,390.35,775,0.2,25.6,24.6
,391.63,445.0,989.4,1009.8,0.0,390.99,775,270.0,445.0,94.4,391.32,775,0.2,25.6,25.2
,392.59,460.0,989.4,999.6,0.0,391.95,775,275.0,440.0,94.4,392.27,775,0.2,25.6,24.8
,393.55,455.0,989.4,1009.8,2.4,392.92,775,275.0,455.0,94.4,393.24,775,0.2,25.6,25.0
,394.51,470.0,989.4,999.6,10.6,393.87,836,280.0,455.0,94.4,394.19,938,5.4,25.0,24.6
,395.47,465.0,989.4,1009.8,14.9,394.83,979,280.0,465.0,94.4,395.15,1000,7.0,24.8,24.4
,396.43,475.0,989.4,1009.8,17.3,395.80,1122,300.0,465.0,94.4,396.11,1265,7.6,24.6,25.0
,397.39,490.0,989.4,1030.2,0.0,396.75,1244,270.0,480.0,94.4,397.07,1204,0.2,24.0,25.4
,398.35,485.0,989.4,1020.0,0.0,397.71,1142,275.0,480.0,94.4,398.03,1081,0.2,24.4,25.2
,399.31,480.0,989.4,1020.0,0.0,398.67,1000,275.0,480.0,94.4,398.99,959,0.2,25.0,25.0
,400.27,455.0,989.4,1020.0,0.0,399.63,898,270.0,460.0,94.4,399.95,857,0.2,25.4,24.8
,401.23,455.0,989.4,1009.8,0.0,400.59,775,275.0,460.0,94.4,400.91,755,0.2,25.6,24.8
,402.19,450.0,989.4,1009.8,0.0,401.55,775,275.0,455.0,94.4,401.87,755,0.2,25.6,24.8
,403.15,445.0,989.4,999.6,0.0,402.51,775,275.0,455.0,94.4,402.83,775,0.2,25.6,25.2
,404.11,460.0,989.4,1009.8,0.0,403.47,775,275.0,450.0,94.4,403.79,775,0.2,25.6,25.0
,405.07,450.0,989.4,999.6,0.0,404.43,775,275.0,445.0,94.4,404.75,775,0.2,25.6,24.8
,406.03,450.0,989.4,999.6,0.0,405.39,775,275.0,450.0,94.4,405.71,775,0.2,25.6,25.0
,406.99,455.0,989.4,999.6,0.0,406.35,775,270.0,450.0,94.4,406.67,775,0.2,25.6,24.8
,407.95,455.0,999.6,999.6,0.0,407.31,775,275.0,460.0,94.4,407.63,775,0.2,25.6,24.8
,408.91,455.0,989.4,999.6,0.0,408.27,775,275.0,455.0,94.4,408.59,775,0.2,25.6,24.8
,409.87,440.0,989.4,999.6,0.0,409.23,775,275.0,450.0,94.4,409.55,775,0.2,25.6,24.8
,410.83,460.0,989.4,999.6,0.0,410.19,775,275.0,440.0,94.4,410.51,775,0.2,25.6,24.6
,411.79,455.0,989.4,1009.8,22.7,411.15,877,425.0,420.0,4.8,411.47,775,10.4,25.6,25.6
,412.75,465.0,989.4,1009.8,36.5,412.11,816,555.0,470.0,4.8,412.43,775,12.8,25.6,25.4
,413.71,515.0,989.4,1081.2,41.6,413.07,1346,610.0,460.0,4.8,413.39,1612,23.8,33.4,27.0
,414.67,570.0,989.4,1213.8,26.7,414.03,2162,405.0,535.0,10.8,414.35,2285,9.6,45.2,29.6
,415.63,590.0,989.4,1254.6,26.7,414.99,2428,360.0,575.0,90.8,415.31,2489,9.8,46.8,30.6
,416.59,545.0,989.4,1193.4,9.8,415.95,2468,295.0,600.0,94.4,416.27,1836,0.2,38.2,31.2
,417.55,520.0,989.4,1122.0,49.8,416.91,1428,285.0,525.0,94.4,417.23,1367,17.2,27.6,27.8
,418.51,590.0,989.4,1234.2,57.3,417.87,1591,610.0,535.0,4.8,418.19,1754,28.4,36.2,29.8
,419.47,695.0,989.4,1468.8,53.7,418.83,1999,820.0,625.0,4.8,419.15,2162,29.6,44.2,35.0
,420.43,755.0,989.4,1632.0,43.1,419.79,2448,645.0,725.0,4.8,420.11,2570,25.2,46.8,40.0
,421.39,545.0,989.4,1295.4,24.3,420.75,2632,315.0,715.0,81.7,421.07,1897,0.2,40.6,33.8
,422.35,525.0,989.4,1142.4,0.0,421.71,1754,355.0,565.0,94.4,422.03,1734,3.0,36.0,29.4
,423.33,510.0,989.4,1081.2,0.0,422.69,1734,265.0,510.0,94.4,423.01,1693,0.2,35.4,28.0
,424.29,495.0,989.4,1060.8,0.0,423.65,1591,260.0,500.0,94.4,423.97,1530,0.2,31.8,27.6
,425.25,485.0,989.4,1050.6,0.0,424.61,1448,260.0,480.0,94.4,424.93,1387,0.2,28.0,26.8
,426.21,485.0,989.4,1040.4,0.0,425.57,1326,260.0,495.0,94.4,425.89,1306,0.2,25.4,26.0
,427.19,475.0,989.4,1030.2,0.0,426.53,1265,260.0,485.0,94.4,426.85,1244,0.2,24.0,25.2
,428.15,475.0,989.4,1020.0,3.9,427.51,1224,260.0,480.0,94.4,427.83,1204,0.2,24.0,25.0
,429.11,480.0,989.4,1030.2,16.5,428.47,1183,270.0,480.0,94.4,428.79,1163,6.8,24.2,25.0
,430.07,480.0,989.4,1030.2,21.6,429.43,1183,300.0,480.0,94.4,429.75,1183,8.6,24.2,25.2
,431.03,490.0,989.4,1040.4,25.9,430.39,1224,390.0,475.0,94.0,430.71,1244,12.4,24.0,25.4
,432.01,515.0,989.4,1091.4,100.0,431.35,1285,460.0,490.0,94.4,431.69,1346,48.0,26.4,27.0
,432.97,570.0,989.4,1203.6,100.0,432.33,1448,850.0,530.0,4.8,432.65,1510,48.8,31.4,29.8
,433.93,635.0,989.4,1336.2,100.0,433.29,1652,850.0,595.0,4.8,433.61,1714,48.8,35.8,32.0
,434.89,570.0,989.4,1305.6,0.0,434.25,1877,840.0,660.0,4.8,434.57,1877,1.0,39.4,33.2
,435.85,515.0,989.4,1122.0,0.0,435.21,1877,265.0,540.0,94.4,435.53,1877,0.2,39.2,28.6
,436.81,510.0,989.4,1081.2,0.0,436.17,1775,265.0,515.0,94.4,436.49,1754,0.2,36.4,27.8
,437.77,495.0,989.4,1060.8,0.0,437.13,1673,260.0,505.0,94.4,437.45,1632,0.2,34.4,28.0
,438.73,490.0,989.4,1050.6,12.2,438.09,1591,260.0,505.0,94.4,438.41,1591,3.2,33.0,27.8
,439.69,505.0,989.4,1071.0,27.1,439.05,1550,280.0,500.0,94.4,439.37,1550,7.8,32.6,27.4
,440.65,515.0,989.4,1101.6,21.6,440.01,1571,390.0,510.0,94.4,440.33,1591,12.2,33.2,28.4
,441.61,500.0,989.4,1081.2,16.1,440.97,1571,280.0,515.0,94.4,441.29,1591,6.0,33.0,28.2
,442.57,505.0,989.4,1071.0,16.9,441.93,1591,275.0,505.0,94.4,442.25,1591,6.0,33.0,28.0
,443.53,515.0,989.4,1071.0,29.8,442.89,1591,280.0,495.0,94.4,443.21,1571,7.0,33.0,27.6
,444.49,525.0,989.4,1122.0,32.5,443.85,1612,435.0,515.0,94.4,444.17,1632,14.4,34.2,28.6
,445.45,535.0,989.4,1152.6,31.8,444.81,1673,430.0,535.0,94.4,445.13,1693,14.0,35.6,28.8
,446.41,545.0,989.4,1162.8,30.2,445.77,1754,415.0,540.0,94.4,446.09,1775,11.8,36.4,29.2
,447.37,545.0,989.4,1162.8,29.8,446.73,1795,390.0,535.0,94.4,447.05,1816,12.2,37.2,29.6
,448.33,540.0,989.4,1173.0,29.8,447.69,1836,385.0,535.0,94.4,448.01,1856,11.6,38.4,29.2
,449.29,550.0,989.4,1173.0,29.8,448.65,1877,385.0,550.0,94.4,448.97,1877,11.8,39.6,29.4
,450.25,535.0,989.4,1162.8,25.9,449.61,1897,375.0,555.0,94.4,449.93,1897,9.0,40.2,29.2
,451.21,540.0,989.4,1152.6,26.7,450.57,1897,320.0,540.0,94.4,450.89,1918,8.4,40.6,29.0
,452.17,530.0,989.4,1152.6,25.5,451.53,1918,320.0,550.0,94.4,451.85,1938,8.2,41.2,29.0
,453.13,540.0,989.4,1152.6,25.5,452.49,1938,320.0,535.0,94.4,452.81,1938,8.2,41.4,29.0
,454.09,530.0,989.4,1142.4,14.1,453.45,1938,320.0,540.0,94.4,453.77,1918,5.8,41.2,28.8
,455.05,515.0,989.4,1101.6,0.0,454.41,1918,265.0,520.0,94.4,454.73,1897,0.2,40.0,28.0
,456.01,505.0,989.4,1081.2,0.0,455.37,1836,265.0,510.0,94.4,455.69,1836,0.2,38.0,27.4
,456.97,500.0,989.4,1071.0,0.0,456.33,1775,265.0,505.0,94.4,456.65,1734,0.2,36.2,27.8
,457.93,500.0,989.4,1060.8,0.0,457.29,1693,260.0,500.0,94.4,457.61,1673,0.2,35.0,28.0
,458.89,500.0,989.4,1050.6,0.0,458.25,1612,260.0,500.0,94.4,458.57,1591,0.2,33.2,27.4
,459.85,495.0,989.4,1050.6,0.0,459.21,1550,260.0,490.0,94.4,459.53,1510,0.2,31.4,27.8
,460.80,470.0,999.6,1040.4,0.0,460.16,1163,260.0,525.0,94.4,460.48,877,0.2,25.2,25.4
,461.77,440.0,999.6,1020.0,0.0,461.12,775,275.0,465.0,94.4,461.44,755,0.2,25.6,25.0
,462.72,445.0,989.4,1009.8,0.0,462.08,775,275.0,445.0,94.4,462.40,775,0.2,25.6,24.8
,463.68,455.0,989.4,1009.8,5.5,463.05,775,270.0,445.0,94.4,463.36,775,0.2,25.6,24.8
,464.64,460.0,989.4,999.6,6.7,464.00,959,260.0,470.0,94.4,464.32,1020,3.6,24.8,24.6
,465.60,475.0,989.4,1009.8,30.6,464.96,1102,265.0,480.0,94.4,465.28,1102,8.6,24.4,24.8
,466.56,490.0,989.4,1050.6,39.2,465.92,1142,575.0,485.0,4.8,466.24,1163,20.6,24.2,25.6
,467.52,490.0,989.4,1071.0,19.2,466.88,1244,505.0,500.0,4.8,467.21,1244,8.8,24.0,25.8
,468.48,475.0,989.4,1040.4,0.0,467.84,1265,305.0,485.0,69.3,468.16,1204,0.2,24.2,26.2
,469.44,475.0,989.4,1030.2,20.8,468.80,1204,260.0,475.0,94.4,469.12,1204,5.4,24.0,24.8
,470.41,505.0,989.4,1050.6,30.6,469.77,1204,425.0,485.0,94.4,470.08,1224,15.0,24.0,26.0
,471.36,515.0,989.4,1091.4,59.2,470.72,1244,415.0,495.0,94.4,471.05,1306,31.0,25.4,26.6
,472.34,495.0,989.4,1081.2,0.0,471.68,1387,330.0,535.0,4.8,472.01,1306,0.2,26.2,27.2
,473.30,490.0,999.6,1060.8,27.8,472.67,1387,310.0,495.0,94.0,472.99,1346,9.8,27.0,27.4
,474.27,515.0,989.4,1091.4,49.4,473.62,1387,445.0,495.0,94.4,473.95,1408,18.2,28.6,27.4
,475.23,595.0,989.4,1213.8,60.0,474.58,1510,850.0,540.0,4.8,474.91,1550,31.2,32.4,30.0
,476.21,650.0,989.4,1377.0,100.0,475.56,1693,850.0,600.0,4.8,475.88,1775,46.6,36.6,32.8
,477.16,750.0,989.4,1581.0,100.0,476.52,1918,850.0,690.0,4.8,476.84,1979,48.8,43.0,38.2
,478.12,840.0,989.4,1785.0,100.0,477.48,2142,850.0,790.0,4.8,477.80,2244,48.8,44.6,41.0
,479.08,870.0,989.4,1907.4,90.2,478.44,2407,850.0,850.0,4.8,478.76,2489,48.6,46.8,42.0
,480.04,845.0,989.4,1938.0,49.0,479.40,2672,850.0,870.0,4.8,479.72,2734,39.4,46.8,41.6
,481.00,600.0,989.4,1366.8,0.0,480.36,2774,350.0,785.0,67.3,480.68,2795,0.2,46.8,34.6
,481.96,550.0,989.4,1203.6,0.0,481.32,2713,335.0,575.0,94.4,481.64,2652,0.2,46.8,29.0
,482.92,535.0,989.4,1162.8,0.0,482.28,2468,295.0,550.0,94.4,482.60,2366,0.2,45.8,28.4
,483.88,515.0,989.4,1122.0,0.0,483.24,2142,275.0,525.0,94.4,483.56,2020,0.2,43.4,28.6
,484.84,505.0,989.4,1091.4,0.0,484.20,1856,265.0,520.0,94.4,484.52,1754,0.2,36.6,28.0
,485.80,490.0,989.4,1060.8,0.0,485.16,1612,260.0,500.0,94.4,485.48,1591,0.2,33.4,27.4
,486.76,490.0,989.4,1060.8,13.3,486.12,1550,260.0,485.0,94.4,486.44,1530,3.0,31.8,26.8
,487.72,495.0,989.4,1060.8,15.7,487.08,1510,270.0,480.0,94.4,487.40,1489,5.4,31.2,27.4
,488.68,490.0,989.4,1060.8,16.1,488.04,1489,275.0,490.0,94.4,488.36,1489,6.0,30.6,27.0
,489.64,495.0,989.4,1060.8,23.5,489.00,1469,290.0,490.0,94.4,489.32,1469,8.4,30.4,27.2
,490.60,490.0,989.4,1071.0,15.7,489.96,1469,320.0,490.0,94.4,490.28,1469,6.0,30.2,27.6
,491.56,480.0,989.4,1050.6,5.9,490.92,1428,260.0,495.0,94.4,491.24,1428,2.6,29.4,26.8
,492.52,475.0,989.4,1040.4,9.0,491.88,1408,260.0,475.0,94.4,492.20,1367,3.0,27.6,26.4
,493.50,480.0,989.4,1040.4,13.7,492.84,1346,265.0,480.0,94.4,493.16,1326,5.0,26.4,26.2
,494.46,485.0,989.4,1050.6,29.4,493.82,1326,275.0,480.0,94.4,494.14,1346,8.4,26.6,26.0
,495.42,495.0,989.4,1071.0,29.0,494.78,1346,420.0,490.0,94.4,495.10,1367,13.2,27.2,26.8
,496.38,495.0,989.4,1081.2,25.1,495.74,1408,405.0,500.0,94.4,496.06,1408,11.6,28.8,27.4
,497.34,510.0,989.4,1081.2,26.7,496.70,1448,320.0,495.0,94.4,497.02,1448,11.2,30.0,28.0
,498.30,495.0,989.4,1071.0,14.1,497.66,1469,315.0,505.0,94.4,497.98,1469,6.8,30.6,27.6
,499.26,490.0,989.4,1050.6,0.0,498.62,1448,260.0,485.0,94.4,498.94,1428,0.2,29.4,27.0
,500.22,485.0,989.4,1040.4,15.7,499.58,1387,260.0,490.0,94.4,499.90,1387,2.8,27.8,26.2
,501.18,495.0,989.4,1050.6,23.9,500.54,1367,300.0,480.0,94.4,500.86,1367,9.0,27.0,26.2
,502.14,495.0,989.4,1060.8,26.3,501.50,1367,340.0,500.0,94.4,501.82,1367,9.8,27.4,26.4
,503.10,505.0,989.4,1081.2,32.2,502.46,1387,375.0,495.0,94.4,502.78,1428,14.8,29.0,27.0
,504.06,505.0,989.4,1091.4,21.6,503.42,1469,440.0,500.0,94.4,503.74,1469,8.6,30.2,28.2
,505.02,500.0,989.4,1081.2,0.0,504.38,1489,305.0,510.0,94.4,504.70,1489,6.0,30.8,27.8
,506.00,480.0,989.4,1050.6,9.8,505.36,1448,260.0,495.0,94.4,505.68,1448,4.0,29.8,27.0
,506.96,500.0,989.4,1050.6,18.0,506.32,1428,265.0,490.0,94.4,506.64,1428,6.6,29.0,27.0
,507.92,485.0,989.4,1060.8,17.3,507.28,1428,285.0,490.0,94.4,507.60,1408,7.0,28.8,26.8
,508.88,505.0,989.4,1060.8,0.0,508.24,1408,285.0,490.0,94.4,508.56,1408,7.0,28.4,26.6
,509.84,475.0,989.4,1040.4,0.0,509.20,1387,260.0,475.0,94.4,509.52,1346,0.2,26.6,26.4
,510.80,480.0,989.4,1040.4,0.0,510.16,1306,260.0,490.0,94.4,510.48,1285,0.2,25.2,25.8
,511.76,490.0,989.4,1030.2,7.5,511.12,1265,260.0,485.0,94.4,511.44,1244,0.2,24.0,25.4
,512.72,475.0,989.4,1020.0,0.0,512.08,1183,260.0,480.0,94.4,512.40,1183,0.2,24.2,25.0
,513.68,480.0,989.4,1020.0,18.8,513.04,1142,260.0,475.0,94.4,513.36,1122,3.6,24.4,24.8
,514.64,485.0,999.6,1030.2,0.0,514.00,1122,360.0,485.0,94.4,514.32,1122,11.0,24.4,25.4
,515.60,465.0,989.4,1020.0,0.0,514.96,1102,260.0,495.0,94.4,515.28,1081,0.2,24.4,25.4
,516.56,460.0,989.4,1020.0,11.8,515.92,1061,260.0,475.0,94.4,516.24,1061,3.0,24.6,24.8
,517.54,465.0,999.6,1020.0,26.3,516.88,1020,300.0,465.0,94.4,517.22,1020,11.2,24.6,25.2
,518.50,495.0,989.4,1030.2,17.6,517.86,1040,400.0,480.0,94.4,518.18,1061,13.0,24.6,25.2
,519.46,475.0,989.4,1020.0,0.0,518.82,1061,260.0,475.0,94.4,519.14,1061,0.2,24.6,24.6
,520.42,470.0,989.4,1009.8,0.0,519.78,1040,260.0,470.0,94.4,520.10,1020,0.2,24.8,24.4
,521.38,470.0,989.4,1009.8,0.0,520.74,979,260.0,475.0,94.4,521.06,959,0.2,25.0,24.8
,522.34,465.0,989.4,1009.8,1.2,521.70,918,260.0,475.0,94.4,522.02,918,0.2,25.2,24.8
,523.30,455.0,989.4,1009.8,0.0,522.66,877,260.0,455.0,94.4,522.98,877,0.2,25.2,24.4
,524.26,455.0,989.4,1009.8,0.0,523.62,775,275.0,455.0,94.4,523.94,775,0.2,25.6,25.2
,525.20,450.0,989.4,999.6,0.0,524.58,775,275.0,450.0,94.4,524.90,775,0.2,25.6,24.8
,526.16,450.0,999.6,1009.8,0.0,525.52,775,270.0,450.0,94.4,525.84,775,0.2,25.6,25.0
,527.12,455.0,989.4,999.6,0.0,526.47,775,275.0,450.0,94.4,526.80,775,0.2,25.6,24.8
,528.08,440.0,989.4,999.6,3.1,527.44,775,275.0,465.0,94.4,527.76,775,0.2,25.6,25.2
,529.04,455.0,989.4,1009.8,20.0,528.40,877,420.0,445.0,94.4,528.72,877,10.6,25.2,24.8
,530.00,460.0,989.4,1020.0,20.8,529.35,877,440.0,445.0,94.4,529.68,857,10.8,25.4,25.6
,530.96,470.0,999.6,1020.0,29.8,530.32,1061,360.0,465.0,94.4,530.64,1163,12.4,24.2,25.0
,531.94,515.0,989.4,1091.4,52.2,531.30,1489,465.0,485.0,94.4,531.62,1693,16.4,35.2,27.6
,532.90,645.0,989.4,1366.8,0.0,532.26,2305,555.0,570.0,4.8,532.58,2632,19.0,46.8,33.0
,533.86,575.0,989.4,1213.8,41.6,533.22,1795,265.0,600.0,94.4,533.54,1489,13.0,30.6,30.8
,534.82,630.0,989.4,1305.6,48.2,534.18,1754,615.0,580.0,4.8,534.50,1897,28.2,40.0,31.2
,535.78,680.0,989.4,1448.4,34.5,535.13,2162,545.0,640.0,14.3,535.46,2285,22.0,45.0,36.0
,536.74,630.0,989.4,1366.8,0.0,536.10,2448,470.0,670.0,85.3,536.41,2468,7.6,46.6,35.4
,537.70,545.0,989.4,1183.2,0.0,537.06,2448,295.0,570.0,94.4,537.38,2346,0.2,45.6,29.4
,538.66,525.0,989.4,1122.0,0.0,538.02,2162,280.0,535.0,94.4,538.33,2060,0.2,43.8,28.4
,539.62,505.0,989.4,1091.4,0.0,538.98,1897,265.0,515.0,94.4,539.30,1836,0.2,37.8,28.0
,540.58,505.0,989.4,1071.0,0.0,539.94,1714,260.0,510.0,94.4,540.26,1652,0.2,34.8,28.0
,541.55,485.0,989.4,1050.6,0.0,540.90,1530,260.0,510.0,94.4,541.24,1510,0.2,31.2,27.8
,542.52,490.0,989.4,1040.4,2.4,541.88,1408,260.0,475.0,94.4,542.20,1346,0.2,27.0,26.4
,543.48,485.0,989.4,1040.4,17.6,542.84,1244,260.0,500.0,94.4,543.16,1224,6.0,24.0,25.0
,544.44,485.0,989.4,1040.4,23.5,543.79,1224,340.0,490.0,94.4,544.12,1224,10.0,24.0,25.2
,545.40,500.0,989.4,1060.8,36.5,544.76,1265,395.0,485.0,94.4,545.08,1326,17.8,25.8,26.0
,546.36,535.0,989.4,1122.0,38.4,545.72,1469,525.0,505.0,89.3,546.04,1550,19.4,32.4,28.6
,547.32,555.0,989.4,1193.4,32.5,546.68,1734,475.0,535.0,94.4,547.00,1816,17.2,37.0,29.6
,548.28,545.0,989.4,1173.0,25.1,547.64,1918,325.0,555.0,94.4,547.96,1958,8.4,42.4,29.6
,549.24,535.0,989.4,1152.6,21.6,548.60,1979,300.0,550.0,94.4,548.92,1979,6.8,43.0,29.2
,550.20,525.0,989.4,1132.2,10.2,549.56,1979,280.0,540.0,94.4,549.88,1938,5.2,42.2,29.0
,551.16,515.0,989.4,1101.6,10.2,550.51,1918,270.0,530.0,94.4,550.84,1897,4.2,40.0,28.4
,552.12,510.0,989.4,1091.4,12.9,551.47,1836,265.0,510.0,94.4,551.79,1816,4.4,37.8,28.4
,553.08,520.0,989.4,1091.4,21.2,552.44,1795,280.0,515.0,94.4,552.76,1775,6.0,36.6,28.4
,554.04,520.0,989.4,1101.6,26.7,553.40,1754,300.0,515.0,94.4,553.71,1775,8.2,36.4,28.2
,554.99,520.0,989.4,1122.0,26.7,554.36,1795,325.0,520.0,94.4,554.67,1795,8.6,37.0,28.2
,555.95,530.0,989.4,1132.2,26.7,555.32,1836,340.0,530.0,94.4,555.64,1856,9.0,38.6,28.6
,556.92,530.0,989.4,1142.4,23.9,556.28,1897,330.0,530.0,94.4,556.60,1918,7.8,40.6,29.0
,557.87,535.0,989.4,1132.2,19.2,557.24,1938,300.0,525.0,94.4,557.56,1918,6.0,41.2,28.6
,558.83,525.0,999.6,1122.0,16.9,558.19,1918,285.0,515.0,94.4,558.51,1897,6.0,40.0,28.6
,559.79,510.0,989.4,1111.8,14.1,559.15,1877,280.0,525.0,94.4,559.47,1856,5.2,38.8,28.4
,560.75,515.0,989.4,1101.6,19.6,560.11,1836,280.0,515.0,94.4,560.43,1816,5.8,37.2,28.2
,561.71,520.0,989.4,1101.6,20.4,561.07,1816,285.0,510.0,94.4,561.40,1816,6.2,37.2,28.4
,562.68,520.0,989.4,1101.6,20.4,562.03,1795,285.0,510.0,94.4,562.35,1816,6.2,37.0,28.2
,563.63,525.0,989.4,1111.8,27.1,562.99,1795,295.0,520.0,94.4,563.31,1795,9.2,36.8,28.2
,564.59,520.0,989.4,1122.0,25.1,563.95,1816,335.0,530.0,94.4,564.27,1836,8.2,38.0,28.8
,565.55,525.0,989.4,1122.0,21.6,564.91,1856,295.0,525.0,94.4,565.23,1856,6.6,39.0,28.6
,566.51,530.0,989.4,1122.0,23.9,565.87,1877,290.0,520.0,94.4,566.19,1877,6.8,39.4,28.6
,567.47,525.0,989.4,1132.2,29.4,566.83,1897,305.0,520.0,94.4,567.15,1877,8.0,39.8,28.6
,568.43,540.0,989.4,1162.8,29.8,567.79,1918,380.0,545.0,94.4,568.11,1958,11.6,42.4,29.2
,569.39,560.0,989.4,1193.4,29.0,568.75,2040,385.0,560.0,94.4,569.07,2060,11.6,43.8,29.8
,570.35,565.0,989.4,1203.6,26.7,569.71,2142,375.0,565.0,94.4,570.03,2162,9.2,44.2,30.0
,571.31,570.0,989.4,1213.8,26.3,570.67,2203,345.0,565.0,94.4,570.99,2224,9.0,44.6,30.0
,572.27,580.0,989.4,1234.2,27.1,571.63,2244,350.0,575.0,94.4,571.95,2264,10.2,44.8,30.8
,573.23,555.0,989.4,1183.2,0.0,572.59,2264,310.0,575.0,94.4,572.91,1877,0.2,40.2,31.2
,574.19,480.0,989.4,1071.0,5.1,573.55,938,260.0,540.0,94.4,573.87,1224,2.4,24.0,26.0
,575.15,485.0,989.4,1040.4,7.8,574.51,1367,260.0,485.0,94.4,574.83,1367,3.6,27.2,26.6
,576.11,490.0,989.4,1040.4,16.5,575.47,1306,260.0,495.0,94.4,575.79,1306,5.0,25.8,26.0
,577.07,485.0,989.4,1040.4,12.5,576.43,1306,290.0,495.0,94.4,576.75,1306,6.2,25.6,26.0
,578.03,485.0,989.4,1040.4,9.8,577.39,1306,265.0,490.0,94.4,577.71,1285,4.6,25.0,25.8
,578.99,480.0,989.4,1030.2,5.5,578.35,1265,260.0,480.0,94.4,578.67,1224,3.0,24.0,25.6
,579.95,480.0,989.4,1020.0,8.2,579.31,1204,260.0,470.0,94.4,579.63,1183,3.4,24.2,25.2
,580.91,485.0,989.4,1030.2,31.0,580.27,1163,275.0,480.0,94.4,580.59,1224,10.4,24.0,25.0
,581.87,495.0,989.4,1060.8,31.8,581.23,1204,470.0,485.0,94.4,581.55,1224,16.2,24.0,25.4
,582.83,505.0,989.4,1071.0,24.7,582.19,1265,390.0,500.0,94.4,582.51,1285,11.0,25.2,26.2
,583.79,500.0,989.4,1060.8,22.4,583.15,1326,345.0,495.0,94.4,583.47,1326,9.2,26.0,26.6
,584.75,500.0,989.4,1060.8,18.0,584.11,1346,320.0,500.0,94.4,584.43,1346,7.8,26.8,26.2
,585.71,495.0,989.4,1050.6,17.3,585.07,1346,295.0,500.0,94.4,585.39,1346,7.6,27.0,26.6
,586.69,500.0,989.4,1050.6,16.5,586.03,1346,285.0,490.0,94.4,586.35,1346,7.0,27.0,26.4
,587.65,495.0,989.4,1050.6,16.9,587.01,1346,285.0,490.0,94.4,587.33,1346,7.2,26.6,25.8
,588.61,490.0,999.6,1060.8,24.7,587.97,1346,345.0,490.0,94.4,588.29,1346,10.2,27.0,26.6
,589.57,485.0,989.4,1060.8,17.6,588.93,1367,340.0,500.0,94.4,589.25,1387,8.0,27.6,27.0
,590.53,500.0,989.4,1050.6,22.0,589.89,1367,280.0,495.0,94.4,590.21,1367,6.6,27.4,26.6
,591.49,510.0,989.4,1071.0,29.0,590.85,1387,420.0,495.0,94.4,591.17,1387,13.4,28.0,27.0
,592.45,495.0,989.4,1071.0,20.4,591.81,1408,315.0,500.0,94.4,592.13,1408,7.8,28.8,27.2
,593.41,495.0,989.4,1071.0,20.0,592.77,1428,305.0,495.0,94.4,593.09,1408,8.0,28.8,27.4
,594.37,495.0,989.4,1060.8,18.8,593.73,1428,305.0,495.0,94.4,594.05,1408,7.4,28.6,27.2
,595.33,500.0,989.4,1050.6,0.0,594.69,1428,295.0,490.0,94.4,595.01,1387,0.2,28.0,27.2
,596.29,475.0,989.4,1040.4,0.0,595.65,1387,260.0,485.0,94.4,595.97,1367,0.2,27.0,26.2
,597.25,480.0,989.4,1030.2,0.0,596.61,1326,260.0,490.0,94.4,596.93,1285,0.2,25.2,26.2
,598.21,485.0,989.4,1030.2,0.0,597.57,1244,260.0,485.0,94.4,597.89,1224,0.2,24.0,25.4
,599.17,475.0,989.4,1020.0,0.0,598.53,1204,260.0,485.0,94.4,598.85,1204,0.2,24.0,25.0
,600.13,490.0,989.4,1020.0,0.0,599.49,1163,260.0,480.0,94.4,599.81,1142,0.2,24.2,25.0
,601.09,475.0,989.4,1020.0,0.0,600.45,1102,260.0,475.0,94.4,600.77,1081,0.2,24.4,24.6
,602.05,470.0,989.4,1009.8,13.3,601.41,1061,260.0,475.0,94.4,601.73,1040,0.2,24.6,24.8
,603.01,475.0,999.6,1020.0,18.0,602.37,1040,390.0,470.0,94.4,602.69,1020,10.8,24.8,25.2
,603.97,455.0,989.4,1020.0,0.0,603.33,857,270.0,475.0,94.4,603.66,816,0.2,25.4,25.0
,604.93,460.0,989.4,1009.8,0.0,604.29,755,275.0,455.0,94.4,604.61,755,0.2,25.6,24.8
,605.89,450.0,989.4,1009.8,0.0,605.25,775,275.0,455.0,94.4,605.57,816,0.2,25.4,24.6
,606.85,450.0,989.4,999.6,0.0,606.21,755,275.0,460.0,94.4,606.53,775,0.2,25.6,25.2
,607.81,450.0,989.4,999.6,0.0,607.17,775,275.0,450.0,94.4,607.49,775,0.2,25.6,24.8
,608.77,455.0,989.4,999.6,0.0,608.12,775,275.0,455.0,94.4,608.45,775,0.2,25.6,25.0
,609.72,460.0,989.4,999.6,0.0,609.09,775,275.0,455.0,94.4,609.41,775,0.2,25.6,24.4
,610.69,445.0,989.4,999.6,0.0,610.05,775,275.0,455.0,94.4,610.37,775,0.2,25.6,25.0
,611.65,445.0,989.4,999.6,0.0,611.01,775,275.0,450.0,94.4,611.33,775,0.2,25.6,24.8
,612.61,465.0,989.4,999.6,0.0,611.97,775,275.0,450.0,94.4,612.29,775,0.2,25.6,24.8
,613.57,455.0,999.6,999.6,0.0,612.93,775,275.0,460.0,94.4,613.25,755,0.2,25.6,24.6
,614.52,445.0,989.4,1009.8,0.0,613.89,775,270.0,460.0,94.4,614.21,775,0.2,25.6,24.8
,615.49,455.0,989.4,999.6,0.0,614.85,775,275.0,450.0,94.4,615.17,775,0.2,25.6,24.8
,616.44,450.0,989.4,999.6,0.0,615.81,775,275.0,450.0,94.4,616.12,775,0.2,25.6,25.2
,617.41,445.0,989.4,1009.8,14.5,616.76,775,270.0,450.0,94.4,617.09,918,6.4,25.0,23.6
,618.37,470.0,989.4,1020.0,14.9,617.73,857,405.0,445.0,94.4,618.05,857,8.4,25.4,24.8
,619.32,470.0,989.4,1020.0,29.0,618.69,857,430.0,455.0,94.4,619.01,979,11.4,24.8,24.0
,620.29,495.0,989.4,1050.6,33.3,619.64,1285,465.0,475.0,94.4,619.97,1469,15.4,30.0,26.6
,621.25,540.0,989.4,1142.4,32.5,620.61,1836,435.0,510.0,94.4,620.93,2020,15.0,43.4,28.4
,622.21,580.0,989.4,1213.8,0.0,621.57,2326,365.0,565.0,94.4,621.89,2387,7.0,45.8,30.0
,623.17,500.0,989.4,1101.6,5.9,622.53,1448,260.0,570.0,94.4,622.85,1102,3.4,24.4,26.2
,624.13,500.0,989.4,1040.4,7.8,623.49,1000,260.0,495.0,94.4,623.81,1061,3.8,24.6,24.8
,625.09,490.0,989.4,1030.2,22.4,624.45,1102,260.0,485.0,94.4,624.77,1183,8.4,24.0,24.6
,626.05,495.0,989.4,1040.4,29.0,625.40,1163,425.0,475.0,94.4,625.72,1204,13.8,24.0,25.8
,626.98,505.0,989.4,1071.0,29.8,626.36,1326,430.0,490.0,94.4,626.67,1367,13.6,27.6,27.0
,627.95,515.0,989.4,1081.2,23.9,627.31,1489,385.0,510.0,94.4,627.63,1510,9.2,31.6,28.6
,628.91,500.0,989.4,1081.2,21.6,628.27,1571,310.0,510.0,94.4,628.59,1591,7.4,33.0,28.0
,629.87,520.0,989.4,1091.4,27.8,629.23,1612,315.0,515.0,94.4,629.55,1632,10.0,34.0,28.2
,630.83,520.0,989.4,1111.8,29.4,630.19,1673,365.0,520.0,94.4,630.51,1693,10.6,35.4,28.8
,631.79,530.0,989.4,1132.2,29.8,631.15,1775,380.0,535.0,94.4,631.47,1816,11.0,37.2,28.8
,632.75,560.0,999.6,1183.2,28.6,632.11,1918,445.0,535.0,94.4,632.43,1938,14.6,41.8,29.6
,633.71,535.0,989.4,1162.8,23.5,633.06,1999,305.0,555.0,94.4,633.38,1999,7.2,43.4,29.6
,634.66,545.0,989.4,1152.6,15.7,634.02,2060,305.0,545.0,94.4,634.35,2040,6.4,43.6,29.2
,635.63,530.0,989.4,1132.2,0.0,634.98,2040,285.0,535.0,94.4,635.30,2020,5.4,43.6,28.8
,636.59,510.0,989.4,1091.4,4.7,635.95,1938,265.0,520.0,94.4,636.27,1938,0.2,41.4,28.0
,637.55,505.0,989.4,1081.2,10.2,636.91,1836,265.0,520.0,94.4,637.22,1795,3.6,36.8,28.2
,638.50,500.0,989.4,1081.2,10.2,637.86,1734,265.0,515.0,94.4,638.19,1734,4.0,36.0,28.0
,639.46,515.0,989.4,1071.0,10.2,638.83,1673,265.0,510.0,94.4,639.14,1652,4.2,34.6,28.4
,640.43,500.0,989.4,1071.0,12.2,639.78,1591,265.0,510.0,94.4,640.10,1550,4.6,32.6,28.0
,641.38,510.0,989.4,1060.8,22.0,640.74,1530,270.0,505.0,94.4,641.06,1510,6.4,31.0,28.2
,642.34,515.0,989.4,1081.2,26.7,641.71,1530,390.0,510.0,94.4,642.02,1550,11.6,32.4,28.4
,643.30,515.0,989.4,1091.4,24.7,642.66,1591,325.0,525.0,94.4,642.99,1612,8.2,33.6,28.4
,644.26,515.0,989.4,1091.4,25.1,643.62,1612,315.0,510.0,94.4,643.94,1612,8.2,33.8,28.4
,645.22,515.0,989.4,1091.4,19.2,644.58,1632,330.0,520.0,94.4,644.90,1632,8.2,34.0,28.4
,646.18,510.0,989.4,1081.2,22.4,645.54,1632,285.0,520.0,94.4,645.86,1652,6.8,34.4,28.2
,647.14,515.0,989.4,1081.2,21.6,646.50,1652,295.0,510.0,94.4,646.82,1652,7.2,34.6,28.4
,648.10,505.0,989.4,1091.4,22.4,647.46,1652,295.0,515.0,94.4,647.78,1652,7.2,34.6,28.6
,649.06,520.0,989.4,1081.2,22.7,648.43,1652,300.0,520.0,94.4,648.74,1673,7.4,35.0,28.4
,650.02,520.0,989.4,1091.4,0.0,649.38,1673,305.0,510.0,94.4,649.71,1652,7.4,34.8,28.6
,650.98,500.0,989.4,1060.8,7.8,650.34,1612,260.0,515.0,94.4,650.66,1550,0.2,32.4,28.2
,651.94,495.0,989.4,1060.8,14.5,651.30,1489,265.0,505.0,94.4,651.62,1448,5.2,29.8,27.4
,652.90,490.0,989.4,1050.6,14.9,652.26,1428,280.0,495.0,94.4,652.58,1428,6.4,29.2,27.0
,653.86,490.0,989.4,1050.6,15.7,653.22,1387,275.0,495.0,94.4,653.54,1387,6.2,27.8,26.6
,654.82,490.0,989.4,1050.6,15.7,654.18,1367,280.0,500.0,94.4,654.50,1367,6.2,27.2,26.8
,655.78,495.0,989.4,1050.6,16.5,655.14,1346,285.0,495.0,94.4,655.46,1346,7.0,26.8,26.6
,656.74,490.0,989.4,1050.6,0.0,656.10,1326,285.0,495.0,94.4,656.42,1326,7.0,26.0,26.4
,657.70,490.0,989.4,1030.2,6.7,657.06,1326,260.0,480.0,94.4,657.38,1244,3.0,24.0,25.8
,658.66,470.0,989.4,1020.0,0.0,658.02,1163,260.0,490.0,94.4,658.34,1102,4.2,24.4,25.4
,659.62,465.0,989.4,1020.0,6.3,658.98,857,265.0,475.0,94.4,659.30,836,6.0,25.4,25.2
,660.58,470.0,989.4,1009.8,0.0,659.94,918,260.0,465.0,94.4,660.26,796,0.2,25.6,25.4
,661.55,455.0,989.4,1009.8,0.0,660.90,775,275.0,450.0,94.4,661.22,775,0.2,25.6,24.8
,662.50,440.0,989.4,1009.8,1.6,661.86,796,260.0,455.0,94.4,662.18,796,0.2,25.4,25.0
,663.46,465.0,989.4,1009.8,7.5,662.82,836,260.0,455.0,94.4,663.14,857,3.4,25.4,24.6
,664.42,465.0,989.4,1009.8,19.2,663.78,836,325.0,435.0,94.4,664.10,857,6.2,25.2,24.6
,665.38,475.0,989.4,1020.0,32.2,664.74,918,595.0,455.0,94.4,665.06,979,18.4,24.8,24.8
,666.34,480.0,989.4,1030.2,0.0,665.70,1081,340.0,470.0,18.7,666.02,1244,5.0,24.0,25.0
,667.30,455.0,989.4,1020.0,2.0,666.66,836,260.0,470.0,93.6,666.98,775,0.2,25.6,25.4
,668.26,460.0,989.4,1009.8,2.0,667.62,898,260.0,465.0,94.4,667.94,898,1.4,25.2,24.8
,669.22,470.0,989.4,1009.8,5.5,668.58,918,260.0,475.0,94.4,668.90,918,4.0,25.2,24.8
,670.18,450.0,989.4,1009.8,15.3,669.54,918,295.0,460.0,94.4,669.86,898,7.4,25.2,24.6
,671.14,480.0,989.4,1009.8,16.5,670.50,918,350.0,460.0,94.4,670.82,938,8.6,25.0,25.0
,672.10,470.0,989.4,1020.0,31.8,671.46,979,370.0,475.0,94.4,671.78,1020,15.2,24.8,25.2
,673.06,495.0,989.4,1040.4,33.7,672.42,1102,485.0,485.0,94.4,672.74,1183,17.8,24.2,25.2
,674.02,505.0,989.4,1071.0,25.5,673.38,1326,440.0,495.0,94.4,673.70,1367,13.6,27.4,26.8
,674.98,500.0,989.4,1081.2,27.5,674.34,1469,355.0,500.0,94.4,674.66,1469,10.2,30.6,27.8
,675.94,525.0,989.4,1091.4,27.8,675.30,1550,365.0,510.0,94.4,675.62,1591,10.6,33.0,28.2
,676.90,520.0,989.4,1101.6,27.8,676.26,1652,365.0,520.0,94.4,676.58,1673,10.2,35.0,28.6
,677.86,530.0,989.4,1122.0,27.5,677.22,1714,355.0,530.0,94.4,677.54,1754,9.6,36.4,28.6
,678.82,540.0,989.4,1122.0,27.5,678.18,1795,350.0,525.0,94.4,678.50,1795,9.6,36.8,28.8
,679.78,530.0,989.4,1132.2,25.1,679.14,1836,350.0,525.0,94.4,679.46,1856,9.2,38.6,28.8
,680.74,515.0,989.4,1101.6,0.0,680.10,1856,275.0,530.0,94.4,680.42,1775,0.2,36.6,28.4
,681.70,500.0,989.4,1071.0,0.0,681.06,1714,260.0,515.0,94.4,681.38,1652,0.2,34.8,28.0
,682.66,490.0,989.4,1050.6,6.7,682.02,1550,260.0,500.0,94.4,682.34,1489,0.2,31.0,27.6
,683.62,475.0,989.4,1040.4,7.5,682.98,1408,260.0,495.0,94.4,683.30,1367,3.8,27.2,26.2
,684.58,490.0,989.4,1040.4,9.8,683.94,1285,260.0,490.0,94.4,684.26,1244,4.0,24.0,25.2
,685.54,495.0,989.4,1030.2,11.4,684.90,1183,265.0,490.0,94.4,685.22,1142,5.2,24.2,25.2
,686.50,460.0,999.6,1020.0,0.0,685.86,836,280.0,480.0,94.4,686.18,796,0.2,25.6,25.0
,687.46,460.0,989.4,1009.8,0.0,686.82,775,270.0,465.0,94.4,687.14,775,0.2,25.6,25.2
,688.42,455.0,989.4,1009.8,0.0,687.78,775,270.0,450.0,94.4,688.10,775,0.2,25.6,25.2
,689.38,450.0,989.4,1009.8,0.0,688.74,775,280.0,450.0,94.4,689.05,775,0.2,25.6,25.2
,690.34,455.0,989.4,999.6,0.0,689.70,775,275.0,455.0,94.4,690.02,775,0.2,25.6,24.8
,691.30,455.0,989.4,1009.8,0.0,690.66,775,270.0,455.0,94.4,690.98,775,0.2,25.6,25.0
,692.26,460.0,989.4,999.6,0.0,691.62,775,275.0,455.0,94.4,691.94,775,0.2,25.6,24.8
,693.22,465.0,989.4,999.6,0.0,692.58,775,275.0,455.0,94.4,692.90,775,0.2,25.6,24.8
